CODIGO DIAGNOSTICO,ESPECIALIDAD,DIAGNOSTICO,QUIRURGICO,IDC-9
1,Neurologia,A. ISQUEMICO TRANSITORIO (435.9),NO,435.9
2,Neurologia,ABCESO CEREBRAL (324.0),NO,324.0
3,Neurologia,ABCESO CEREBRAL (324.0),SI,324.0
4,Cirugía Maxilofacial,ABCESO CEREBRAL (682.1),SI,682.1
5,Cirugía Maxilofacial,ABCESO CERVICAL (682.1),NO,682.1
6,Cirugía,ABCESO de MAMA (675.1),NO,675.1
7,Cirugía,ABCESO de MAMA (675.1),SI,675.1
8,Ginecologia y Obstetricia,ABCESO PÉLVICO (670.8),NO,670.8
9,Ginecologia y Obstetricia,ABCESO PÉLVICO (670.8),SI,670.8
10,Cirugía Vascular,ABLACION CON CATETER LESION/TEJIDOS CORAZON (37.34),SI,37.34
11,Ginecologia y Obstetricia,ABORTO DIFERIDO (632),SI,632
12,Aparato Digestivo,ABSCESO ABDOMINAL (54.19),NO,54.19
13,Aparato Digestivo,ABSCESO ABDOMINAL (54.19),SI,54.19
14,Cirugía,ABSCESO DESBRIDAMIENTO. DRENAJE (54.19),SI,54.19
15,Otorrinolaringologia,ABSCESO ORL (473),NO,473
16,Otorrinolaringologia,ABSCESO ORL (473),SI,473
17,Otorrinolaringologia,ABSCESO PERIAMIGDALINO (475),NO,475
18,Otorrinolaringologia,ABSCESO PERIAMIGDALINO. TRAT QUIRURGICO (475),SI,475
19,Cirugía,ABSCESO PERIANAL O GLUTEO-DRENAJE QUIRURGICO (566),SI,566
20,Oftalmologia,"ABSCESOS, QUISTES EN CEJAS Y PARPADOS (373.13)",SI,373.13
21,Psiquiatria,ABUSO/ADICCION DROGAS (304),NO,304
22,Aparato Digestivo,ACALASIA (530),NO,530
23,Aparato Digestivo,ACALASIA (530),SI,530
24,Traumatologia,ACROMIOPLASTIA (81.83),SI,81.83
25,Neurologia,ACV - ACCIDENTE CEREBROVASCULAR HEMORRAGICO (431),NO,431
26,Neurologia,ACV - ACCIDENTE CEREBROVASCULAR ISQUEMICO (435),NO,435
27,Otorrinolaringologia,ADENOIDECTOMIA (28.6),SI,28.6
28,Medicina Interna,ADENOPATIAS (785.6),NO,785.6
29,Pediatria,ADENOPATIAS (785.6),NO,785.6
30,Cirugía,ADENOPATIAS (785.6),SI,785.6
31,Neumologia,AFEC. RESPIR. POR HUMOS Y VAPORES QUÍMICOS (506.00),NO,506.00
32,Psiquiatria,ALCOHOLISMO (305),NO,305
33,Pediatria,ALERGIA:PRUEBAS (708.0),NO,708.0
34,Traumatologia,ALGIA ANTEBRAZO (719.43),NO,719.43
35,Traumatologia,ALGIA BRAZO (719.42),NO,719.42
36,Traumatologia,ALGIA EXTREMIDADES (729.5),NO,729.5
37,Traumatologia,ALGIA HOMBRO (719.41),NO,719.41
38,Traumatologia,ALGIA MANO (719.44),NO,719.44
39,Traumatologia,ALGIA MULTIPLES LOCALIZACIONES (719.49),NO,719.49
40,Traumatologia,ALGIA PELVIS-MUSLO (719.45),NO,719.45
41,Traumatologia,ALGIA PIERNA RODILLA (719.46),NO,719.46
42,Traumatologia,ALGIA TOBILLO-PIE (719.47),NO,719.47
43,Medicina Interna,"ALTERACIONES METABOLISMO OSEO (Paget, osteoporosis (733)",NO,733
44,Ginecologia y Obstetricia,AMENAZA DE ABORTO/PARTO PREMATURO (640),NO,640
45,Ginecologia y Obstetricia,AMENAZA DE ABORTO/PARTO PREMATURO (640),SI,640
46,Otorrinolaringologia,AMIGDALECTOMIA (28.2),SI,28.2
47,Otorrinolaringologia,AMIGDALECTOMIA CON ADENOIDECTOMIA (28.3),SI,28.3
48,Neumologia,AMIGDALITIS - FARINGITIS (463.0),NO,463.0
49,Pediatria,AMIGDALITIS AGUDA (463.0),NO,463.0
50,Ginecologia y Obstetricia,AMNIOCENTESIS (75.1),SI,75.1
51,Traumatologia,AMPUTACIÓN  TRAUMÁTICA OTROS DEDOS (886.0),SI,886.0
52,Traumatologia,AMPUTACIÓN  TRAUMÁTICA PULGAR (885.0),SI,885.0
53,Traumatologia,AMPUTACION BRAZO (887.4),SI,887.4
54,Traumatologia,AMPUTACIÓN DEDO MANO / PIE (887.0),SI,887.0
55,Traumatologia,AMPUTACION MANO (EXCEPTUANDO DEDOS) (887.0),SI,887.0
56,Traumatologia,AMPUTACION OSEA (887.4),SI,887.4
57,Traumatologia,AMPUTACION PIE (EXCEPTUANDO DEDOS) (896.0),SI,896.0
58,Traumatologia,AMPUTACION PIERNA (897.0),SI,897.0
59,Medicina Interna,ANEMIA (285.1),NO,285.1
60,Medicina Interna,ANEMIA APLASTICA (284),NO,284
61,Medicina Interna,ANEMIA CRÓNICA (285.9),NO,285.9
62,Medicina Interna,ANEMIA FERROPENICA (280),NO,280
63,Medicina Interna,ANEMIA HEMOLITICA (283.9),NO,283.9
64,Anestesia,"ANESTESIA RADICULAR, BLOQUEOS NERVIOS (03.90)",SI,03.90
65,Cirugía Vascular,ANEURISMA AORTICO.TRATAMIENTO QUIRURGICO CON C.E.C (441.0),SI,441.0
66,Cardiologia,ANGINA DE PECHO (413.9),NO,413.9
67,Cardiologia,ANGINA INESTABLE (411.1),NO,411.1
68,Neurologia,"ANGIOGRAFIA (cerebral, carotidea, etc) (88.41)",NO,88.41
69,Cirugía,ANGIOMAS Y LINFANGIOMAS CUTANEOS (782.2),SI,782.2
70,Cirugía Vascular,ANGIOPLASTIA (36.06),SI,36.06
71,Cirugía Vascular,ANGIOPLASTIA CORONARIA MAS COLOCACION DE STENT (36.06),SI,36.06
72,Neonatología,ANOMALIAS CONGENITAS AP. CIRCULATORIO (747.9),NO,747.9
73,Neonatología,ANOMALIAS CONGENITAS AP. CIRCULATORIO (747.9),SI,747.9
74,Neonatología,ANOMALIAS CONGENITAS AP. DIGESTIVO (751.9),NO,751.9
75,Neonatología,ANOMALIAS CONGENITAS AP. DIGESTIVO (751.9),SI,751.9
76,Neonatología,ANOMALIAS CONGENITAS AP. URINARIO (753.9),NO,753.9
77,Neonatología,ANOMALIAS CONGENITAS AP. URINARIO (753.9),SI,753.9
78,Otorrinolaringologia,"ANOMALIAS CONGENITAS DE OIDO, CARA Y CUELLO (744)",NO,744
79,Otorrinolaringologia,"ANOMALIAS CONGENITAS DE OIDO, CARA Y CUELLO (744)",SI,744
80,Pediatria,"ANOMALIAS CONGENITAS DE OIDO, CARA Y CUELLO (744)",SI,744
81,Neonatología,ANOMALIAS CONGENITAS SIST. MUSCULO-ESQUELETICO (754),NO,754
82,Neonatología,ANOMALIAS CONGENITAS SIST. MUSCULO-ESQUELETICO (754),SI,754
83,Neonatología,ANOMALIAS CONGENITAS SIST. NERVIOSO (742),NO,742
84,Neonatología,ANOMALIAS CONGENITAS SIST. NERVIOSO (742),SI,742
85,Cirugía Maxilofacial,ANOMALIAS del PALADAR (750.9),SI,750.9
86,Cirugía,ANOMALIAS PARED ABDOMINAL (Onfalocele...) (756.7),SI,756.7
87,Neonatología,ANOMALIAS PARED ABDOMINAL (Onfalocele...) (756.7),SI,756.7
88,Neurocirugía,"ANOMALIAS SISTEMA CEREBROVASCULAR (747,81)",SI,747.81
89,Psiquiatria,ANSIEDAD (300.0),NO,300.0
90,Aparato Digestivo,APENDICECTOMIA (47.0),SI,47.0
91,Cardiologia,ARRITMIA (427.9),NO,427.9
92,Pediatria,ARRITMIA (427.9),NO,427.9
93,Neonatología,ARRITMIA (779.81),NO,779.81
94,Cirugía Vascular,ARTERIOGRAFIA (angiografía) (88.4),SI,88.4
95,Neurologia,ARTERIOGRAFIA DE ARTERIAS CEREBRALES (88.41),SI,88.41
96,Medicina Interna,ARTERITIS (447.6),NO,447.6
97,Traumatologia,ARTRITIS ( aguda o crónica ) (716.9),NO,716.9
98,Reumatologia,ARTRITIS (716.9),NO,716.9
99,Reumatologia,ARTRITIS REUMATOIDE (714),NO,714
100,Traumatologia,ARTRITIS SÉPTICA (711.0),NO,711.0
101,Traumatologia,ARTRITIS SÉPTICA (711.0),SI,711.0
102,Pediatria,ARTRITIS/ARTRALGIAS (716.9),NO,716.9
103,Traumatologia,ARTRODESIS ARTICULAR (81.2),SI,81.2
104,Traumatologia,ARTRODESIS PIE y TOBILLO (81.1),SI,81.1
105,Traumatologia,ARTRODESIS VERTEBRAL (FUSION VERTEBRAL) (81.00),SI,81.00
106,Traumatologia,ARTROLISIS (736.7),SI,736.7
107,Traumatologia,ARTROPLASTIA DE CADERA-PROTESIS TOTAL (81.51),SI,81.51
108,Traumatologia,ARTROPLASTIA DE HOMBRO Y CODO (81.8),SI,81.8
109,Traumatologia,"ARTROPLASTIA DE MANO, DEDOS MANO y MUÑECA (81.7)",SI,81.7
110,Traumatologia,ARTROPLASTIA DE RODILLA CON PROTESIS TOTAL (81.54),SI,81.54
111,Cirugía Maxilofacial,ARTROPLASTIA. ARTICULACION TEMPORO-MAXILAR (76.5),SI,76.5
112,Traumatologia,ARTROPLASTIA. REPARACION ARTICULAR (81.9),SI,81.9
113,Traumatologia,ARTROSCOPIA (80.2),SI,80.2
114,Reumatologia,ARTROSIS (715),NO,715
115,Traumatologia,ARTROTOMIA (80.10),SI,80.10
116,Aparato Digestivo,ASCITIS (789.5),NO,789.5
117,Aparato Digestivo,ASCITIS (789.5),SI,789.5
118,Traumatologia,ASIMETRIA FACIAL (754.0),SI,754.0
119,Pediatria,ASMA - BRONCOESPASMO (493.9),NO,493.9
120,Neumologia,ASMA - BRONCOESPASMO (493.92),NO,493.92
121,Neumologia,"ASPIRACION - AHOGO (agua salada o dulce, alimentos (507.0)",NO,507.0
122,Neonatología,ASPIRACION MECONIAL (770.1),NO,770.1
123,Pediatria,ATRAGANTAMIENTO (933.1),NO,933.1
124,Medicina Interna,ATRAGANTAMIENTO (933.1),NO,933.1
125,Otorrinolaringologia,AUDIOMETRIA (95.41),NO,95.41
126,Oftalmologia,AVULSION OCULAR (871.3),SI,871.3
127,Neonatología,BACTERIEMIA DEL RECIEN NACIDO (771.83),NO,771.83
128,Neonatología,BAJO PESO para EDAD GESTACIONAL (764.0),NO,764.0
129,Ginecologia y Obstetricia,BARTHOLINITIS. MARSUPIALIZACION/EXTIRPACION/DRENAJ (71.2),SI,71.2
130,Neurocirugía,BIOPSIA CEREBRAL (1),SI,1
131,Ginecologia y Obstetricia,BIOPSIA DE CORION (75.1),SI,75.1
132,Ginecologia y Obstetricia,BIOPSIA DE MAMA (tb PAAF) (85.0),SI,85.0
133,Oftalmologia,BLEFAROPLASTIA (08.3),SI,08.3
134,Cardiologia,BLOQUEO AV 1er y 2º GRADO (426.1),NO,426.1
135,Cardiologia,BLOQUEO AV COMPLETO (426.0),NO,426.0
136,Neumologia,BNOC (EPOC) - REAGUDIZACIÓN (491.21),NO,491.21
137,Cirugía,BOCIO NODULAR. ENUCLEACION. HEMITIROIDECTOMIA SUBT (06.2),SI,06.2
138,Endocrinologia,BOCIO SIMPLE (240),NO,240
139,Cirugía,BOCIO SIMPLE (240),SI,240
140,Cardiologia,BRADICARDIA (427.89),NO,427.89
141,Neonatología,BRADICARDIA NEONATAL (779.81),NO,779.81
142,Med.Nuclear y Radiología,BRAQUITERAPIA (92.20),NO,92.20
143,Med.Nuclear y Radiología,BRAQUITERAPIA (92.20),SI,92.20
144,Aparato Digestivo,BRIDAS/OCLUSION o SUBOCLUSION INTESTINAL (tto quir (54.5),SI,54.5
145,Neumologia,BRONCOSCOPIA (33.23),SI,33.23
146,Neumologia,BRONQUIECTASIAS (494.0),SI,494.0
147,Neumologia,BRONQUIECTASIAS (494.0),NO,494.0
148,Neumologia,BRONQUIECTASIAS EXACERBACIÓN (494.1),NO,494.1
149,Pediatria,BRONQUIOLITIS (466.19),NO,466.19
150,Neumologia,BRONQUITIS (466.0),NO,466.0
151,Pediatria,BRONQUITIS (466.0),NO,466.0
152,Traumatologia,BURSITIS / TENDINITIS / SINOVITIS (726),SI,726
153,Traumatologia,BURSITIS/TENDINITIS/SINOVITIS (726),NO,726
154,Cirugía Vascular,BY-PASS AORTO-BIFEMORAL (39.25),SI,39.25
155,Cirugía Vascular,BY-PASS AORTOCORONARIO (CON C.E.C.) (36.10),SI,36.10
156,Cirugía Vascular,BY-PASS FEMORO-POPLITEO (39.29),SI,39.29
157,Cirugía Vascular,CAMBIO GENERADOR MARCAPASOS (37.79),SI,37.79
158,Infecciosas,CANDIDIASIS (112),NO,112
159,Cardiologia,CARDIOPATIA ISQUEMICA (414.9),NO,414.9
160,Cirugía Vascular,CARDIOVERSION ELECTRICA (99.62),SI,99.62
161,Oftalmologia,CATARATA. EXTRACCION EXTRACAPSULAR CON O SIN COLOC (13.41),SI,13.41
162,Anestesia,"CATETER EPIDURAL, TTO DEL DOLOR (03.90)",SI,03.90
163,Cirugía Vascular,CAVOGRAFIA (88.4),SI,88.4
164,Pediatria,CEFALEA (784.0),NO,784.0
165,Medicina Interna,CEFALEA (784.0),NO,784.0
166,Oftalmologia,CEGUERA (369.0),NO,369.0
167,Medicina Interna,CELULITIS  (862.0),NO,862.0
168,Oftalmologia,CELULITIS PERIORBITARIA (376.01),NO,376.01
169,Cirugía,CELULITIS/ABCESOS (682),SI,682
170,Pediatria,CELULITIS/ABCESOS (682.0),NO,682.0
171,Ginecologia y Obstetricia,CERCLAJE DE CUELLO UTERINO (67.5),SI,67.5
172,Traumatologia,CERVICALGIA - TORTICOLIS (723.1),NO,723.1
173,Ginecologia y Obstetricia,CESAREA (669.7),SI,669.7
174,Ginecologia y Obstetricia,CESAREA con COMPLICACION (654.2),SI,654.2
175,Endocrinologia,CETOACIDOSIS DIABÉTICA (250.1),NO,250.1
176,Oftalmologia,CHALACION. ESCISION (373.11),SI,373.11
177,Traumatologia,CIATALGIA (724.2),NO,724.2
178,Ginecologia y Obstetricia,CICLO REPRODUCCION ASISTIDA (IN VITRO…) (V26.81),NO,V26.81
179,Cirugía,CIERRE COLOSTOMIA (46.52),SI,46.52
180,Cirugía,"CIRCUNCISION, FIMOSIS (64.0)",SI,64.0
181,Aparato Digestivo,CIRUGIA BARIATRICA (44.3),SI,44.3
182,Cirugía Vascular,CIRUGIA CARDIACA VALVULAR CON C.E.C. (35.2),SI,35.2
183,Otorrinolaringologia,CIRUGIA DE CORNETES. EXTRACCION COLA DE CORNETES. (21.6),SI,21.6
184,Neurocirugía,"CIRUGIA DE LA HIDROCEFALIA (drenajes, shunts, deri (331.4)",SI,331.4
185,Neurocirugía,CIRUGIA DE LA ISQUEMIA CEREBRAL (431),SI,431
186,Ginecologia y Obstetricia,CIRUGIA RADICAL ABDOMINAL DE UTERO Y ANEJOS (WERTH (68.4),SI,68.4
187,Urologia,CISTECTOMIA TOTAL (57.7),SI,57.7
188,Urologia,CISTITIS (595.9),NO,595.9
189,Urologia,CISTOCELE EMBARAZO (654.4),SI,654.4
190,Urologia,CISTOCELE FEMENINO CON PROLAPSO UTERO-VAGINAL (618.4),SI,618.4
191,Urologia,CISTOCELE FEMENINO SIN PROLAPSO UTERINO (618.01),SI,618.01
192,Urologia,CISTOCELE MASCULINO (596.8),SI,596.8
193,Urologia,CISTOLITOTOMIA (57.19),SI,57.19
194,Urologia,CISTOSCOPIA (57.32),SI,57.32
195,Urologia,CISTROURETROSCOPIA (57.94),NO,57.94
196,Infecciosas,CITOMEGALOVIRUS (78),NO,78
197,Aparato Digestivo,COLANGIOPANCREATOGRAFIA RETROGRADA ENDOSC. (C.P.R. (87.51),SI,87.51
198,Aparato Digestivo,COLANGITIS (576.1),NO,576.1
199,Aparato Digestivo,COLECISTECTOMIA (laparoscopia) (51.24),SI,51.24
200,Aparato Digestivo,COLECISTECTOMIA (laparotomia) (51.22),SI,51.22
201,Aparato Digestivo,COLECISTITIS SIN TTO. QUIRURGICO (574.3),NO,574.3
202,Aparato Digestivo,COLECISTOTOMIA - COLECISTOSTOMIA (51.0),SI,51.0
203,Aparato Digestivo,COLECTOMIA TOTAL (45.8),SI,45.8
204,Aparato Digestivo,COLELITIASIS (574),NO,574
205,Otorrinolaringologia,COLESTEATOMA (385.3),SI,385.3
206,Aparato Digestivo,CÓLICO BILIAR SIN TTO. QUIRURGICO (574.5),NO,574.5
207,Urologia,CÓLICO NEFRÍTICO (788.0),NO,788.0
208,Cirugía Vascular,COLOCACION FILTRO CAVA (38.7),SI,38.7
209,Cirugía Vascular,COLOCACION MARCAPASOS ENDOVENOSO DEFINITIVO (34.85),SI,34.85
210,Cirugía Vascular,COLOCACION MARCAPASOS ENDOVENOSO PROVISIONAL (34.64),SI,34.64
211,Aparato Digestivo,COLOCACION SONDA NASOGASTRICA (96.0),SI,96.0
212,Urologia,COLOCACION/CAMBIO CATETER/SONDA (57.94),SI,57.94
213,Aparato Digestivo,COLOCACION/CAMBIO SONDA NASOGASTRICA (96.0),NO,96.0
214,Aparato Digestivo,COLONOSCOPIA (45.23),SI,45.23
215,Endocrinologia,COMA HIPOGLICEMICO (251.0),NO,251.0
216,Neurologia,COMA/ESTUPOR (780.0),NO,780.0
217,Traumatologia,COMPLICACION DE DISPOSITIVOS PROTESICOS INTERNOS (996.7),SI,996.7
218,Nefrologia,COMPLICACION TRANSPLANTE RENAL (996.81),SI,996.81
219,Urologia,COMPLICACION TRANSPLANTE RENAL (996.81),NO,996.81
220,Ginecologia y Obstetricia,COMPLICACIONES DE HERIDAS x CIR. OBSTETRICA (674.3),NO,674.3
221,Ginecologia y Obstetricia,COMPLICACIONES DE HERIDAS x CIR. OBSTETRICA (674.3),SI,674.3
222,Endocrinologia,"COMPLICACIONES DE LA DIABETES MELLITUS:nefropatia, (250.1)",NO,250.1
223,Traumatologia,CONDROMALACIA ROTULIANA (ARTROSCOPIA) (836.0),SI,836.0
224,Ginecologia y Obstetricia,CONIZACION DE CUELLO UTERINO (67.2),SI,67.2
225,Pediatria,CONJUNTIVITIS (372.3),NO,372.3
226,Oftalmologia,CONJUNTIVITIS (372.3),NO,372.3
227,Traumatologia,CONSOLIDACION DEFECTUOSA DE FRACTURA Y PSEUDOARTROSIS (733.8),SI,733.8
228,Aparato Digestivo,CONSTIPACION - ESTREÑIMIENTO (564.0),NO,564.0
229,Aparato Digestivo,CONSTIPACIÓN / ESTREÑIMIENTO (564.0),SI,564.0
230,Traumatologia,CONTRACTURA MUSCULAR (728),SI,728
231,Traumatologia,CONTRACTURA MUSCULAR (728),NO,728
232,Traumatologia,CONTUSIÓN ( simple ) (924.9),NO,924.9
233,Traumatologia,"CONTUSIÓN CABEZA, EXCEPTO OJOS (920.0)",NO,920.0
234,Traumatologia,CONTUSIÓN EXTREMIDAD INFERIORES (924.0),NO,924.0
235,Traumatologia,CONTUSIÓN EXTREMIDAD SUPERIORES (923.0),NO,923.0
236,Traumatologia,CONTUSIÓN OJOS (921.0),NO,921.0
237,Traumatologia,CONTUSIÓN TÓRAX (922.0),NO,922.0
238,Neurologia,CONVULSION FEBRIL (780.31),NO,780.31
239,Pediatria,CONVULSION FEBRIL (780.31),NO,780.31
240,Neurologia,CONVULSIONES (780.3),NO,780.3
241,Pediatria,CONVULSIONES (780.3),NO,780.3
242,Cardiologia,COR PULMONALE AGUDO (415.0),NO,415.0
243,Cardiologia,COR PULMONALE CRÓNICO (416.9),NO,416.9
244,Cirugía Maxilofacial,CORDAL NO INCLUIDO (23),SI,23
245,Otorrinolaringologia,CORDECTOMIA (30.22),SI,30.22
246,Ginecologia y Obstetricia,CORIOAMNIONITIS (658.4),NO,658.4
247,Cirugía Vascular,CORONARIOGRAFIA (cateterismo cardiaco) (88.5),SI,88.5
248,Pediatria,CRANEOSTOSIS (756),SI,756
249,Neurocirugía,CRANEOTOMÍA / TREPANACION (1),SI,1
250,Pediatria,CRIPTORQUIDIA (752.51),SI,752.51
251,Urologia,CRIPTORQUIDIA (752.51),SI,752.51
252,Medicina Interna,CRISIS HIPERTENSIVA Y COMPLICACIONES HTA (437.2),NO,437.2
253,Aparato Digestivo,"CUERPO EXTRAÑO BOCA, ESOFAGO Y ESTOMAGO (935)",SI,935
254,Oftalmologia,CUERPO EXTRAÑO EN LA SUPERFICIE EXT. DEL OJO (930.0),SI,930.0
255,Otorrinolaringologia,CUERPO EXTRAÑO FARINGE (933.0),SI,933.0
256,Aparato Digestivo,CUERPO EXTRAÑO INTESTINO Y COLON (936),SI,936
257,Oftalmologia,CUERPO EXTRAÑO INTRAOCULAR (930.0),NO,930.0
258,Oftalmologia,CUERPO EXTRAÑO INTRAOCULAR (930.0),SI,930.0
259,Otorrinolaringologia,CUERPO EXTRAÑO LARINGE (933.0),NO,933.0
260,Cirugía,CUERPO EXTRAÑO RESIDUAL en tejido blando (729.6),SI,729.6
261,Otorrinolaringologia,"CUERPO EXTRAÑO: oido, nariz, etc (933.0)",NO,933.0
262,Otorrinolaringologia,"CUERPO EXTRAÑO: oido, nariz, laringe, etc (933.0)",SI,933.0
263,Cirugía,CUERPOS EXTRAÑOS SUPERFICIALES O SUBCUTANEOS. EXTR (930.0),SI,930.0
264,Oftalmologia,DACRIOCISTORRINOSTOMIA (09.81),SI,09.81
265,Endocrinologia,DEBUT DIABETICO (250.0),NO,250.0
266,Traumatologia,"DEDO EN RESORTE, MARTILLO, GARRA, CUELLO DE CISNE (77.56)",SI,77.56
267,Cirugía,DEFORMIDAD MUSCULO ESTERNO-CLEIDO-MASTOIDEO CONGENITA (754.1),SI,754.1
268,Cirugía,DEHISCENCIA HERIDA OPERATORIA (998.32),SI,998.32
269,Cirugía,DEHISCENCIA HERIDA OPERATORIA ORGANO INTERNO (998.31),SI,998.31
270,Neurologia,DELIRIO AGUDO/CONFUSIÓN (293.0),NO,293.0
271,Neurologia,DEMENCIA (290.0),NO,290.0
272,Infecciosas,DENGUE (061),NO,061
273,Dermatologia,DERMATITIS - ECZEMAS DE CONTACTO (692),NO,692
274,Pediatria,DERMATITIS (691),NO,691
275,Dermatologia,DERMATOSIS AMPOLLOSAS (694),NO,694
276,Neumologia,DERRAME PLEURAL (511.9),NO,511.9
277,Neumologia,DERRAME PLEURAL (511.9),SI,511.9
278,Endocrinologia,"DESCOMPENSACION DIABETICA: cetoacidosis, etc (250.1)",NO,250.1
279,Ginecologia y Obstetricia,DESGARRO PERINE (71.7),SI,71.7
280,Medicina General,DESHIDRATACIÓN (276.5),NO,276.5
281,Pediatria,DESHIDRATACIÓN (276.5),NO,276.5
282,Oftalmologia,DESPRENDIMIENTO DE RETINA. TRATAMIENTO QUIRURGICO (14.5),SI,14.5
283,Cirugía Vascular,"DESVIACION AORTA-ILIACA-FEMORAL;AORTO-FEMORAL,AORTO-ILIACA (39.25)",SI,39.25
284,Medicina Interna,DETERIORO del ESTADO GENERAL (782.3),NO,782.3
285,Endocrinologia,DIABETES MELLITUS (250.0),NO,250.0
286,Pediatria,DIABETES MELLITUS (250.0),NO,250.0
287,Aparato Digestivo,"DIARREA (787,91)",NO,787.91
288,Pediatria,"DIARREA (787,91)",NO,787.91
289,Cirugía,DILATACION ESFINTER ANAL (96.23),SI,96.23
290,Pediatria,DILATACION ESFINTER ANAL (96.23),SI,96.23
291,Aparato Digestivo,DILATACIONES ESOFAGICAS (42.92),SI,42.92
292,Neurocirugía,DISCECTOMIA CERVICAL. (722.4),SI,722.4
293,Medicina Interna,DISCITIS (722.9),NO,722.9
294,Traumatologia,DISCITIS (722.9),NO,722.9
295,Cirugía,DISECCION DE TEJIDO RETROPERITONEAL (59.0),SI,59.0
296,Aparato Digestivo,DISFAGIA (787.2),NO,787.2
297,Ginecologia y Obstetricia,DISMENORREA (625.3),NO,625.3
298,Cardiologia,DISNEA CARDIACA (428.1),NO,428.1
299,Aparato Digestivo,DISPEPSIA (536.8),NO,536.8
300,Cirugía,DISPLASIAS MAMARIAS BENIGNAS (610),SI,610
301,Cardiologia,DIVAS ARTERIAL (88.5),NO,88.5
302,Aparato Digestivo,DIVERTICULITIS (562.11),SI,562.11
303,Aparato Digestivo,DIVERTICULITIS AGUDA (NO IQ) (562.11),NO,562.11
304,Aparato Digestivo,DIVERTICULO de MECKEL (751.0),SI,751.0
305,Aparato Digestivo,DIVERTICULO DE ZENKER (ESOFAGICO) (530.6),SI,530.6
306,Aparato Digestivo,DIVERTICULOS y POLIPOS INTESTINALES (45.42),SI,45.42
307,Aparato Digestivo,DIVERTICULOSIS INTESTINAL (562),NO,562
308,Aparato Digestivo,DOLOR ABDOMINAL (789),NO,789
309,Pediatria,DOLOR ABDOMINAL (789),NO,789.0
310,Cirugía,DOLOR ABDOMINAL (abdomen agudo ) (789.0),SI,789.0
311,Cardiologia,DOLOR TORACICO (786.5),NO,786.5
312,Medicina Interna,DOLOR TORACICO (786.5),NO,786.5
313,Traumatologia,DORSALGIA (724.1),NO,724.1
314,Cirugía,DRENAJE ABDOMINAL (54.19),SI,54.19
315,Cirugía,DRENAJE PERCUTANEO (54.91),SI,54.91
316,Infecciosas,E.T.S. (enfermedad de transmisión sexual) (90),NO,90
317,Ginecologia y Obstetricia,ECLAMPSIA (642.6),SI,642.6
318,Oftalmologia,ECTROPION/ENTROPION (08.3),SI,08.3
319,Cardiologia,EDEMA AGUDO DE PULMÓN (428.1),NO,428.1
320,Pediatria,EFECTO ADVERSO A FÁRMACO (995.2),NO,995.2
321,Ginecologia y Obstetricia,ELECTROCOAGULACIÓN POR HEMORRAGIA (626.6),SI,626.6
322,Medicina Interna,ELECTROCUCION Y EFECTOS NO FATALES DE CORRIENTE ELECTRICA (994.8),NO,994.8
323,Medicina Interna,ELECTROCUCION Y EFECTOS NO FATALES DE CORRIENTE ELECTRICA (994.8),SI,994.8
324,Ginecologia y Obstetricia,EMBARAZO ECTOPICO. TTO FARMACOLOGICO (74.3),NO,74.3
325,Cirugía Vascular,"EMBOLECTOMIA ARTERIAL (FEMORAL POPLITEA, HUMERAL O (38.0)",SI,38.0
326,Neumologia,EMBOLISMO e INFARTO PULMONAR (415.1),NO,415.1
327,Neumologia,EMBOLISMO e INFARTO PULMONAR (415.1),SI,415.1
328,Cirugía Vascular,EMBOLIZACION ARTERIAL (38.0),SI,38.0
329,Neumologia,EMPIEMA PLEURAL (510.9),SI,510.9
330,Neurologia,ENCEFALITIS (323),NO,323
331,Aparato Digestivo,ENCEFALOPATIA HEPÁTICA (572.2),NO,572.2
332,Cirugía Vascular,ENDARTERECTOMIA (38.1),SI,38.1
333,Cardiologia,ENDOCARDITIS (421.9),NO,421.9
334,Cardiologia,ENDOCARDITIS AGUDA (421.9),SI,421.9
335,Ginecologia y Obstetricia,ENDOMETRIOSIS PELVICA. TTO. POR LAPAROSCOPIA (617),SI,617
336,Endocrinologia,ENFD. GRAVES BASEDOW (242.9),NO,242.9
337,Reumatologia,ENFERMEDAD DE DUPUYTREN (728.6),SI,728.6
338,Neurologia,ENFERMEDAD DE GUILLAIN BARRE (357),NO,357
339,Urologia,"ENFERMEDAD DE PEYRONIE (607,85)",SI,607.85
340,Ginecologia y Obstetricia,ENFERMEDAD HIPERTENSIVA DEL EMBARAZO (642),NO,642
341,Ginecologia y Obstetricia,ENFERMEDAD INFLAMATORIA de la MAMA (Ginecomastia-Mastodinia) (611),NO,611
342,Ginecologia y Obstetricia,"ENFERMEDAD INFLAMATORIA de OVARIO, TROMPAS, TEJ. PELVICO, PERITONEO (614)",NO,614
343,Ginecologia y Obstetricia,"ENFERMEDAD INFLAMATORIA de OVARIO, TROMPAS, TEJ. PELVICO, PERITONEO (614)",SI,614
344,Pediatria,"ENFERMEDAD INFLAMATORIA INTESTINAL (Crohn, colitis ulcerosa) (555)",NO,555
345,Aparato Digestivo,"ENFERMEDAD INFLAMATORIA INTESTINAL (Crohn, colitis ulcerosa) (555)",SI,555
346,Aparato Digestivo,ENFERMEDAD INFLAMATORIA INTESTINAL: Crohn y colitis ulcerosa (555),NO,555
347,Ginecologia y Obstetricia,ENFERMEDAD INFLAMATORIA PÉLVICA (615),NO,615
348,Otorrinolaringologia,"ENFERMEDADES DE LAS CUERDAS VOCALES (QUISTES, POLIPOS...) (478,5)",SI,478.5
349,Medicina Interna,ENFERMEDADES DE LOS GLOBULOS BLANCOS (288),NO,288
350,Reumatologia,"ENFERMEDADES DEL TEJIDO CONECTIVO ( LES, AR..ETC ) (710)",NO,710
351,Medicina Interna,ENFERMEDADES TEJIDOS BLANDOS de la BOCA (ESTOMATITIS...) (528),NO,528
352,Pediatria,ENFERMEDADES TEJIDOS BLANDOS de la BOCA (ESTOMATITIS...) (528),NO,528
353,Aparato Digestivo,"ENTERITIS (ILEITIS, SIGMOIDITIS...) (555)",NO,555
354,Medicina Interna,"ENTERITIS (ILEITIS, SIGMOIDITIS...) (555)",NO,555
355,Aparato Digestivo,ENTERITIS RADICA (558.1),NO,558.1
356,Oncologia,ENTERITIS RADICA (558.1),NO,558.1
357,Cirugía,ENTEROSTOMIA (46.3),SI,46.3
358,Neurocirugía,EPENDIMOMA (M93913),SI,M93913
359,Traumatologia,EPICONDILITIS (726),SI,726
360,Urologia,EPIDIDIMECTOMIA (63.4),SI,63.4
361,Neurologia,EPILEPSIA (345),NO,345
362,Pediatria,EPILEPSIA (345),NO,345
363,Neurologia,EPILEPSIA (345),SI,345
364,Otorrinolaringologia,EPISTAXIS (784.7),NO,784.7
365,Otorrinolaringologia,EPISTAXIS (784.7),SI,784.7
366,Medicina Interna,ERISIPELA (35),NO,35
367,Dermatologia,ERITRODERMIA (695.9),NO,695.9
368,Dermatologia,ERUPCIÓN CUTÁNEA (782.1),NO,782.1
369,Pediatria,ERUPCIÓN CUTÁNEA (782.1),NO,782.1
370,Infecciosas,ESCARLATINA (34),NO,34
371,Neurologia,ESCLEROSIS MULTIPLE (340),NO,340
372,Traumatologia,ESCOLIOSIS (737.30),SI,737.30
373,Cirugía,ESFINTEROPLASTIA (49.79),SI,"49,79"
374,Traumatologia,ESGUINCE (845.0),NO,845.0
375,Traumatologia,ESGUINCE CADERA Y MUSLO (843.0),NO,843.0
376,Traumatologia,ESGUINCE CODO Y ANTEBRAZO (841.0),NO,841.0
377,Traumatologia,ESGUINCE DE HOMBRO Y BRAZO (840.0),NO,840.0
378,Traumatologia,ESGUINCE MUÑECA Y MANO (842.0),NO,842.0
379,Traumatologia,ESGUINCE RODILLA Y PIERNA (844.0),NO,844.0
380,Cirugía,ESOFAGECTOMIA PARCIAL (42.41),SI,42.41
381,Aparato Digestivo,ESOFAGITIS (530),NO,530
382,Aparato Digestivo,ESOFAGOGASTRODUODENOSCOPIA /EGD) (45.13),SI,45.13
383,Neurocirugía,ESPINA BIFIDA (741),SI,741
384,Aparato Digestivo,ESPLENECTOMIA (41.5),SI,41.5
385,Traumatologia,ESPOLON CALCANEO (726),SI,726
386,Traumatologia,ESPONDILOLISTESIS (722),SI,722
387,Psiquiatria,ESQUIZOFRENIA (295),NO,295
388,Cirugía Plástica,ESTADOS CICATRICIALES y FIBROSIS de la PIEL (709.2),SI,"709,2"
389,Otorrinolaringologia,ESTAPEDECTOMIA (19.1),SI,19.1
390,Traumatologia,ESTENOSIS ESPINAL (724),NO,724
391,Traumatologia,ESTENOSIS ESPINAL (724),SI,724
392,Pediatria,ESTENOSIS PILORICA (537),NO,537
393,Pediatria,ESTENOSIS PILORICA (537),SI,537
394,Oftalmologia,ESTRABISMO TRATAMIENTO BOTOX (378),NO,378
395,Oftalmologia,ESTRABISMO. TRATAMIENTO QUIRURGICO (378),SI,378
396,Cardiologia,ESTUDIO ELECTROFISIOLOGICO (37.26),NO,37.26
397,Cirugía Vascular,ESTUDIO ELECTROFISIOLOGICO TERAPEUTICO (ABLACION C (37.34),SI,37.34
398,Aparato Digestivo,"EVENTRACION ABDOMINAL, COLOCACION MALLA (53.4)",SI,53.4
399,Pediatria,EXANTEMA VIRICO (057.9),NO,057.9
400,Infecciosas,EXANTEMA VIRICO (057.9),NO,057.9
401,Cirugía,EXCISION DE PULMON Y BRONQUIOS,SI,32
402,Cirugía,EXCISION RADICAL DE GANGLIOS LINFATICOS CERVICALES (40.4),SI,40.4
403,Cirugía,EXCISION RADICAL DE GANGLIOS LINFATICOS DE LA INGLE (40.54),SI,40.54
404,Traumatologia,EXOSTOSIS OSEA (726.91),SI,726.91
405,Ginecologia y Obstetricia,EXTIRPACIO DE EMBARAZO ECTOPICO EXTRATUBARICO (74.3),SI,74.3
406,Cirugía,EXTIRPACION METASTASIS PULMONARES (162),SI,162
407,Cirugía,"EXTIRPACION TUMORACION PARTES BLANDAS (86,2)",SI,86.2
408,Traumatologia,"EXTRACCION CLAVOS O MATERIAL DE OSTEOSINTESIS, GRA (78.60)",SI,78.60
409,Cirugía Maxilofacial,EXTRACCION DE CORDAL INCLUIDO (23),SI,23
410,Cirugía Maxilofacial,EXTRACCION QUISTE DENTARIO (24.3),SI,24.3
411,Cirugía Maxilofacial,EXTRACCION Y RESTAURACION DE DIENTES (23),SI,23
412,Urologia,EXTRACCIONES DE CALCULOS URETRALES VIA ENDOSCOPICA (592),SI,592
413,Otorrinolaringologia,FARINGITIS (462.0),NO,462.0
414,Otorrinolaringologia,FARINGOPLASTIA (29.4),SI,29.4
415,Traumatologia,FASCIECTOMIA (83.44),SI,83.44
416,Cardiologia,FIBRILACIÓN AURICULAR (427.31),NO,427.31
417,Cardiologia,FIBRILACIÓN VENTRICULAR (427.41),NO,427.41
418,Cirugía,FIBROBRONCOSCOPIA (96.0),SI,96.0
419,Reumatologia,FIBROMIALGIA (729.1),NO,729.1
420,Medicina Interna,FIEBRE DE ORIGEN DESCONOCIDO (780.6),NO,780.6
421,Pediatria,FIEBRE DE ORIGEN DESCONOCIDO (780.6),NO,780.6
422,Ginecologia y Obstetricia,FIEBRE POSTPARTO/PUERPERAL (672.0),NO,672.0
423,Infecciosas,FIEBRE Q (Ricketsiosis) (083.0),NO,083.0
424,Neonatología,FIEBRE/INFECCION (771.83),NO,771.83
425,Traumatologia,FIJACION INTERNA HUESO - OSTEOTOMIA (78.5),SI,78.5
426,Cirugía,FISTULA ENTERO-VAGINAL o UTERINA (619.1),SI,619.1
427,Cirugía,"FISTULA ENTERO-VESICAL (596,1)",SI,596.1
428,Aparato Digestivo,FÍSTULA INTESTINAL (579),SI,579
429,Neurocirugía,"FISTULA LCR (349,81)",NO,"349,81"
430,Neurocirugía,"FISTULA LCR (349,81)",SI,"349,81"
431,Cirugía,FISTULA SACROCOXIGEA. QUISTE DERMOIDE (685),SI,685
432,Urologia,FÍSTULA URINARIA (58),SI,58
433,Cirugía Vascular,FISTULAS/SHUNT AV DIALISIS (39.29),SI,39.29
434,Pediatria,FISURA ANAL (565.00),NO,565.0
435,Aparato Digestivo,"FISURA o FISTULA ANAL, RESECCION, ESFINTERECTOMIA (565)",SI,565
436,Otorrinolaringologia,FISURA PALATINA (27.69),SI,27.69
437,Medicina Interna,FLEBITIS y TROMBOFLEBITIS (451.9),NO,451.9
438,Cirugía Vascular,FLEBITIS/TROMBOFLEBITIS (451.9),SI,451.9
439,Cirugía Vascular,"FLEBOTOMIA (38,99)",SI,38.99
440,Aparato Digestivo,FLEMON DENTARIO (520),NO,520
441,Cardiologia,FLUTTER AURICULAR (427.32),NO,427.32
442,Dermatologia,FOLICULITIS (704.8),NO,704.8
443,Traumatologia,FRACTURA ABIERTA (829.1),NO,829.1
444,Traumatologia,FRACTURA ABIERTA (829.1),SI,829.1
445,Traumatologia,FRACTURA CERVICAL ABIERTA (805.1),NO,805.1
446,Traumatologia,FRACTURA CERVICAL ABIERTA (805.1),SI,805.1
447,Traumatologia,FRACTURA CERVICAL CERRADA (805.0),NO,805.0
448,Traumatologia,FRACTURA CERVICAL CERRADA (805.0),SI,805.0
449,Traumatologia,FRACTURA CLAVICULA (810.0),SI,810.0
450,Traumatologia,FRACTURA CLAVÍCULA (810.0),NO,810.0
451,Traumatologia,FRACTURA CODO (812.4),NO,812.4
452,Traumatologia,FRACTURA CODO (812.4),SI,812.4
453,Traumatologia,FRACTURA COLUMNA VERTEBRAL CON LESIÓN MEDULAR (806.0),NO,806.0
454,Traumatologia,FRACTURA COLUMNA VERTEBRAL CON LESIÓN MEDULAR (806.0),SI,806.0
455,Traumatologia,"FRACTURA COSTILLAS, ESTERNÓN, LARINGE Y TRAQUEA (807.0)",NO,807.0
456,Traumatologia,"FRACTURA COSTILLAS, ESTERNÓN, LARINGE Y TRAQUEA (807.0)",SI,807.0
457,Traumatologia,FRACTURA CRANEO : FRONTAL Y PARIETAL (800.0),NO,800.0
458,Traumatologia,FRACTURA CRANEO : FRONTAL Y PARIETAL (800.0),SI,800.0
459,Traumatologia,"FRACTURA CRANEO: OCCIPITAL, ESFENOIDAL, TEMPORAL, OTROS (801.0)",NO,801.0
460,Traumatologia,"FRACTURA CRANEO: OCCIPITAL, ESFENOIDAL, TEMPORAL, OTROS (801.0)",SI,801.0
461,Traumatologia,FRACTURA CUELLO FÉMUR (820.0),NO,820.0
462,Traumatologia,FRACTURA DE CÚBITO Y/O RADIO (incl.Colles) (813.0),SI,813.0
463,Traumatologia,FRACTURA DE OMOPLATO (811.0),NO,811.0
464,Traumatologia,FRACTURA DORSAL ABIERTA (806.3),NO,806.3
465,Traumatologia,FRACTURA DORSAL ABIERTA (806.3),SI,806.3
466,Traumatologia,FRACTURA DORSAL CERRADA (806.2),NO,806.2
467,Traumatologia,FRACTURA DORSAL CERRADA (806.2),SI,806.2
468,Traumatologia,FRACTURA ESCAPULA (811.0),SI,811.0
469,Traumatologia,FRACTURA FALANGES MANO (816.0),NO,816.0
470,Traumatologia,FRACTURA FALANGES MANO (816.0),SI,816.0
471,Traumatologia,FRACTURA FALANGES PIE (826.0),NO,826.0
472,Traumatologia,FRACTURA FALANGES PIE (826.0),SI,826.0
473,Traumatologia,FRACTURA FEMORAL (820.0),SI,820.0
474,Cirugía Maxilofacial,FRACTURA HUESO/S de la CARA (802.0),SI,802.0
475,Traumatologia,FRACTURA HUESO/S MANO (815.0),SI,815.0
476,Traumatologia,FRACTURA HUESO/S PIE (825.0),SI,825.0
477,Traumatologia,FRACTURA HUESOS DE LA CARA (802.0),NO,802.0
478,Traumatologia,FRACTURA HUESOS DE LA CARA (802.0),SI,802.0
479,Traumatologia,FRACTURA HUMERAL (812.0),SI,812.0
480,Traumatologia,FRACTURA HÚMERO (812.0),NO,812.0
481,Traumatologia,FRACTURA LUMBAR ABIERTA (806.5),NO,806.5
482,Traumatologia,FRACTURA LUMBAR ABIERTA (806.5),SI,806.5
483,Traumatologia,FRACTURA LUMBAR CERRADA (806.4),NO,806.4
484,Cirugía Maxilofacial,FRACTURA MANDIBULAR (802.0),SI,802.0
485,Traumatologia,FRACTURA METACARPIANOS (815.0),NO,815.0
486,Traumatologia,FRACTURA METACARPIANOS (815.0),SI,815.0
487,Traumatologia,FRACTURA METATARSIANOS (825.0),NO,825.0
488,Traumatologia,FRACTURA METATARSIANOS (825.0),SI,825.0
489,Cirugía Maxilofacial,FRACTURA ORBITARIA (802.0),SI,802.0
490,Traumatologia,FRACTURA OSEA NO QUIRURGICA (829.0),NO,829.0
491,Traumatologia,FRACTURA OTRAS FÉMUR (821.0),NO,821.0
492,Traumatologia,FRACTURA OTRAS FÉMUR (821.0),SI,821.0
493,Traumatologia,FRACTURA PELVIS (808.0),NO,808.0
494,Traumatologia,FRACTURA PELVIS (808.0),SI,808.0
495,Traumatologia,FRACTURA RÁDIO - CÚBITO (813),NO,813.0
496,Traumatologia,FRACTURA RÓTULA (822.0),NO,822.0
497,Traumatologia,FRACTURA RÓTULA (822.0),SI,822.0
498,Traumatologia,FRACTURA SACRO Y COXIS ABIERTA (806.7),NO,806.7
499,Traumatologia,FRACTURA SACRO Y COXIS ABIERTA (806.7),SI,806.7
500,Traumatologia,FRACTURA SACRO Y COXIS CERRADA (806.6),NO,806.6
501,Traumatologia,FRACTURA SACRO Y COXIS CERRADA (806.6),SI,806.6
502,Cirugía Maxilofacial,FRACTURA SIMPLE HUESOS DE LA NARIZ (802.0),SI,802.0
503,Traumatologia,FRACTURA TIBIA Y/O PERONÉ (823.0),NO,823.0
504,Traumatologia,FRACTURA TIBIA Y/O PERONÉ (823.0),SI,823.0
505,Traumatologia,FRACTURA TOBILLO (824.0),NO,824.0
506,Traumatologia,FRACTURA TOBILLO (824.0),SI,824.0
507,Traumatologia,FRACTURA VERTEBRAL (805.0),SI,805.0
508,Traumatologia,FRACTURA VERTEBRAL (no quirúrgica) (806.4),NO,806.4
509,Traumatologia,FRACTURAS COSTALES (volet) (807.0),NO,807.0
510,Traumatologia,FRACTURAS COSTALES (volet) (807.0),SI,807.0
511,Traumatologia,FRACTURAS MÚLTIPLES DE CRANEO O CARA CON OTROS HUESOS (804.0),NO,804.0
512,Traumatologia,FRACTURAS MÚLTIPLES DE CRANEO O CARA CON OTROS HUESOS (804.0),SI,804.0
513,Cirugía,"FRENILLO LINGUAL, FRENECTOMIA (25.92)",SI,25.92
514,Traumatologia,FUSIONES VERTEBRALES POR VIA POSTERIOR (722),SI,722
515,Med.Nuclear y Radiología,GAMAGRAFIA (88.9),NO,88.9
516,Cirugía,GANGLIO CENTINELA (40.23),SI,40.23
517,Cirugía,GANGRENA (785.4),SI,785.4
518,Aparato Digestivo,GASTRECTOMIA PARCIAL (43.8),SI,43.8
519,Aparato Digestivo,GASTRECTOMIA TOTAL (43.9),SI,43.9
520,Aparato Digestivo,GASTRITIS (535.5),NO,535.5
521,Pediatria,GASTRITIS (535.5),NO,535.5
522,Infecciosas,GASTROENTERITIS AGUDA (009.1),NO,009.1
523,Aparato Digestivo,GASTRO-ENTEROSTOMIA SIN GASTRECTOMIA (44.3),SI,44.3
524,Aparato Digestivo,GASTROSCOPIA (45.13),NO,45.13
525,Aparato Digestivo,GASTROSCOPIA (45.13),SI,45.13
526,Aparato Digestivo,GASTROSTOMIA (43.1),SI,43.1
527,Traumatologia,GENU VALGUS (736.41),SI,736.41
528,Traumatologia,GENU VARUM (736.42),SI,736.42
529,Ginecologia y Obstetricia,GESTACION ECTOPICA. ANEXECTOMIA (74.3),SI,74.3
530,Cirugía Maxilofacial,GINGIVECTOMIA TOTAL (24.3),SI,24.3
531,Oftalmologia,GLAUCOMA (365),NO,365
532,Oftalmologia,GLAUCOMA: CIRUGIA (365),SI,365
533,Nefrologia,GLOMERULONEFRITIS AGUDA (580),NO,580
534,Cirugía Maxilofacial,GLOSECTOMIA (25.3),SI,25.3
535,Medicina General,GOLPE DE CALOR (992.0),NO,992.0
536,Pediatria,GOLPE DE CALOR (992.0),NO,992.0
537,Medicina Interna,GOTA (274),NO,274
538,Medicina General,GRIPE ( síndrome gripal ) (487.0),NO,487.0
539,Pediatria,GRIPE ( síndrome gripal ) (487.0),NO,487.0
540,Medicina Interna,GRIPE A (H1N1) (488.1),NO,488.1
541,Traumatologia,HALLUX VALGUS bilateral (727.1),SI,727.1
542,Traumatologia,"HALLUX VALGUS, VARUS, RIGIDUS, ETC. (CRUENTO CADA (727.1)",SI,727.1
543,Cirugía,HEMANGIOMA (228),SI,228
544,Neurocirugía,HEMATOMA EPIDURAL (852.4),SI,852.4
545,Neurocirugía,HEMATOMA SUBDURAL (852.2),SI,852.2
546,Urologia,HEMATURIA (799.7),NO,799.7
547,Aparato Digestivo,HEMICOLECTOMIA (45.75),SI,45.75
548,Aparato Digestivo,HEMICOLECTOMIA DERECHA (45.73),SI,45.73
549,Aparato Digestivo,HEMICOLECTOMIA IZQUIERDA (45.75),SI,45.75
550,Neurologia,"HEMIPARESIA, PARESIA PARALISIS TRANSITORIA (781.4)",NO,781.4
551,Cirugía,HEMITIROIDECTOMIA (06.2),SI,06.2
552,Aparato Digestivo,HEMOPERITONEO (568.81),NO,568.81
553,Aparato Digestivo,HEMOPERITONEO (568.81),SI,568.81
554,Neumologia,HEMOPTISIS (786.3),SI,786.3
555,Neumologia,HEMOPTISIS (786.3),NO,786.3
556,Aparato Digestivo,HEMORRAGIA DIGESTIVA ALTA - HEMATEMESIS / MELENAS  (578.0),NO,578.0
557,Aparato Digestivo,HEMORRAGIA DIGESTIVA BAJA - RECTORRAGIAS (578.1),NO,578.1
558,Aparato Digestivo,HEMORRAGIA DIGESTIVA tto quirúrgico (578),SI,578
559,Neurocirugía,"HEMORRAGIA INTRACEREBRAL;HEMORRAGIA: BASILAR, BULBAR (431)",NO,431
560,Neurocirugía,"HEMORRAGIA INTRACEREBRAL;HEMORRAGIA: BASILAR, BULBAR (431)",SI,431
561,Neurocirugía,"HEMORRAGIA SUBARACNOIDEA, EPIDURAL etc (430.0)",SI,430.0
562,Neurologia,HEMORRAGIA SUBARACNOIDEA/SUBDURAL/EPIDURAL NO IQ (430),NO,430
563,Cirugía,"HEMORRAGIA, HEMATOMA O SEROMA  que COMPLICA un PROCEDIMIENTO (998.1)",NO,998.1
564,Medicina Interna,"HEMORRAGIA, HEMATOMA O SEROMA  que COMPLICA un PROCEDIMIENTO (998.1)",NO,998.1
565,Cirugía,"HEMORRAGIA, HEMATOMA O SEROMA  que COMPLICA un PROCEDIMIENTO (998.1)",SI,998.1
566,Aparato Digestivo,HEMORROIDECTOMIA / TROMBO HEMORROIDAL (49.46),SI,49.46
567,Oncologia,HEPARINIZAR VIA/COLOCACION VIAS QUIMIOTERAPIA (99.25),NO,99.25
568,Aparato Digestivo,HEPATECTOMIA PARCIAL y METAST.HEPATICAS (50.22),SI,50.22
569,Aparato Digestivo,HEPATITIS (70),NO,70
570,Pediatria,HEPATITIS (70),NO,70
571,Aparato Digestivo,HEPATOPATIA CRÓNICA (571.9),NO,571.9
572,Traumatologia,HERIDA ABIERTA DEDOS DE LA MANO (883.0),SI,883.0
573,Cirugía,HERIDA ABIERTA/EROSIÓN (879.8),SI,879.8
574,Traumatologia,HERIDA ABIERTA/EROSIÓN (879.8),SI,879.8
575,Traumatologia,HERIDA ABIERTA/EROSIÓN (879.8),NO,879.8
576,Traumatologia,HERIDA MANO COMPLICADA (882.1),SI,882.1
577,Traumatologia,HERIDA MANO CON AFECTACIÓN TENDINOSA (882.2),SI,882.2
578,Aparato Digestivo,HERNIA ABDOMINAL (553.8),NO,553.8
579,Aparato Digestivo,HERNIA ABDOMINAL (553.8),SI,553.8
580,Traumatologia,HERNIA DE DISCO (EXCEPTO CERVICAL) TRATAMIENTO QUI (722.5),SI,722.5
581,Neurocirugía,HERNIA DE DISCO LUMBAR TTO QUIRURGICO. MICROCIRUGI (722.5),SI,722.5
582,Aparato Digestivo,HERNIA DE HIATO - REFLUJO GASTROESOFAGICO (551),NO,551
583,Aparato Digestivo,"HERNIA DIAFRAGMATICA, OPERACIÓN ANTIREFLUJO (551)",SI,551
584,Neurocirugía,HERNIA DISCAL CERVICAL (722.4),NO,722.4
585,Traumatologia,HERNIA DISCAL CERVICAL (CLOWARD SCOVILLE). (722.4),SI,722.4
586,Neurocirugía,HERNIA DISCAL LUMBAR O DORSAL (722.2),NO,722.5
587,Traumatologia,HERNIA DISCAL LUMBAR O DORSAL (722.2),NO,722.2
588,Neurocirugía,HERNIA DISCAL LUMBAR O DORSAL (722.2),SI,722.2
589,Aparato Digestivo,HERNIA EPIGASTRICA (53.4),SI,53.4
590,Aparato Digestivo,HERNIA INGUINAL o CRURAL (ingreso) (53.10),SI,53.10
591,Aparato Digestivo,HERNIA PARED ABDOMINAL (553),SI,553
592,Aparato Digestivo,HERNIA UMBILICAL (53.4),SI,53.4
593,Pediatria,HERPES SIMPLE (054.43),NO,054.43
594,Infecciosas,HERPES SIMPLE (054.43),NO,054.43
595,Pediatria,HERPES ZOSTER (53.9),NO,53.9
596,Infecciosas,HERPES ZOSTER (53.9),NO,53.9
597,Neurocirugía,HIDROCEFALIA (331.4),NO,331.4
598,Urologia,HIDROCELE (603.9),SI,603.9
599,Urologia,HIDROCELE (no quirúrgico) (603),NO,603
600,Nefrologia,HIDRONEFROSIS (591),SI,591
601,Neonatología,HIDRONEFROSIS (591),NO,591
602,Urologia,HIDRONEFROSIS (591),NO,591
603,Dermatologia,HIDROSADENITIS (705.83),NO,705.83
604,Cirugía,"HIGROMAS , BURSITIS, GANGLIONES, QUISTES SINOVIALE (726)",SI,726
605,Traumatologia,"HIGROMAS , BURSITIS, GANGLIONES, QUISTES SINOVIALE (726)",SI,726
606,Ginecologia y Obstetricia,HIPEREMESIS GRAVÍDICA (643),NO,643
607,Endocrinologia,HIPERGLICEMIA (790.6),NO,790.6
608,Urologia,HIPERPLASIA DE PROSTATA (600.9),NO,600.9
609,Medicina Interna,HIPERTENSIÓN ARTERIAL (401.9),NO,401.9
610,Endocrinologia,HIPERTIROIDISMO (242.9),NO,242.9
611,Urologia,HIPERTROFIA BENIGNA PROSTATA/RETENCION URINARIA (600),NO,600
612,Endocrinologia,HIPOGLICEMIA (251.2),NO,251.2
613,Urologia,HIPOSPADIAS (58),SI,58
614,Medicina General,HIPOTENSIÓN ARTERIAL (458.0),NO,458.0
615,Endocrinologia,HIPOTIROIDISMO (244.9),NO,244.9
616,Ginecologia y Obstetricia,HISTERECTOMIA ABDOMINAL (68.4),SI,68.4
617,Ginecologia y Obstetricia,HISTERECTOMIA VAGINAL (68.5),SI,68.5
618,Ginecologia y Obstetricia,HISTEROPEXIA. LIGAMENTOPEXIA (69.22),SI,69.22
619,Ginecologia y Obstetricia,HISTEROSCOPIA (68.12),SI,68.12
620,Infecciosas,HIV ( + ) (44.9),NO,44.9
621,Cardiologia,HOLTER (89.50),NO,89.50
622,Ginecologia y Obstetricia,"HTA que COMPLICA EMBARAZO, PARTO,PUERPERIO (PRECLAMPSIA) (642)",NO,642
623,Ginecologia y Obstetricia,"HTA que COMPLICA EMBARAZO, PARTO,PUERPERIO (PRECLAMPSIA) (642)",SI,642
624,Neonatología,ICTERICIA FETAL Y NEONATAL INESPECIFICA (774.6),NO,774.6
625,Aparato Digestivo,ICTERICIA NO ESPECIFICADA (782.4),NO,782.4
626,Medicina Interna,ICTERICIA NO ESPECIFICADA (782.4),SI,782.4
627,Aparato Digestivo,ILEO - OCLUSION INTESTINAL (sin tto quirúrgico) (579),NO,579
628,Otorrinolaringologia,"IMPLANTE COCLEAR (20,96)",SI,20.96
629,Anestesia,"IMPLANTE DE BOMBAS, PORT a CATH (86.06)",SI,86.06
630,Neurocirugía,"INCISION Y  EXCISION DE CRANEO, CEREBRO Y  MENINGES CEREBRALES (1)",SI,1
631,Aparato Digestivo,"INCISION, EXCISION Y ANASTOMOSIS DE INTESTINO (45)",SI,45
632,Urologia,INCONTINENCIA URINARIA. OPERACIONES POR VIA VAGINA (788),SI,788
633,Urologia,INCONTINENCIA URINARIA-ENURESIS (788),NO,788
634,Cardiologia,INFARTO DE MIOCARDIO (410.9),NO,410.9
635,Cardiologia,INFARTO DE MIOCARDIO (410.9),SI,410.9
636,Ginecologia y Obstetricia,INFECCION CAVIDAD AMNIOTICA (658.4),NO,658.4
637,Ginecologia y Obstetricia,"INFECCION GINECOLOGICA (vaginitis, salpingitis, et (616.1)",NO,616.1
638,Cirugía,INFECCION POSTOPERATORIA (998.5),NO,998.5
639,Cirugía,INFECCION POSTOPERATORIA (998.5),SI,998.5
640,Pediatria,INFECCIÓN RESPIRATORIA ALTA (465.9),NO,465.9
641,Medicina Interna,INFECCIÓN RESPIRATORIA ALTA (465.9),NO,465.9
642,Pediatria,INFECCION URINARIA (599),NO,599
643,Urologia,INFECCION URINARIA (599.0),NO,599.0
644,Medicina Interna,INFECCION VIRAL (79.9),NO,79.9
645,Pediatria,INFECCION VIRAL (79.9),NO,79.9
646,Traumatologia,INFILTRACIONES ARTICULARES / LIGAMENTOSAS (81.92),SI,81.92
647,Pediatria,INGESTIÓN DE CAUSTICOS (983),NO,983
648,Pediatria,INGESTION DE MEDICAMENTOS (977.9),NO,977.9
649,Cirugía Plástica,INJERTO CUTANEO (86.6),SI,86.6
650,Traumatologia,INJERTO OSEO (78.0),SI,78.0
651,Nefrologia,INSERCION DE CATETER URINARIO (57.94),SI,57.94
652,Neumologia,INSF. RESPIRATORIA AGUDA (518.81),NO,518.81
653,Medicina Interna,INSOLACION (992.0),NO,992.0
654,Aparato Digestivo,INSUF. VASCULAR AGUDA del INTESTINO (557.0),NO,557.0
655,Cardiologia,INSUFICIENCIA CARDIACA (428.9),NO,428.9
656,Aparato Digestivo,INSUFICIENCIA HEPATICA (cirrosis) (571),NO,571
657,Urologia,INSUFICIENCIA RENAL (593.9),NO,593.9
658,Psiquiatria,INTENTO DE AUTOLISIS (300.9),NO,300.9
659,Medicina General,INTOXICACIÓN ALIMENTARIA (005.9),NO,005.9
660,Pediatria,INTOXICACIÓN ALIMENTARIA (005.9),NO,005.9
661,Medicina Interna,"INTOXICACIÓN MEDICAMENTOSA (barbitúricos, benzodia (977.9)",NO,977.9
662,Medicina General,INTOXICACIÓN POR CO (986.0),NO,986.0
663,Medicina Interna,INTOXICACION por FARMACOS / DROGAS (292.89),NO,292.89
664,Medicina Interna,INTOXICACION QUIMICA o GASES (986.0),NO,986.0
665,Medicina Interna,INTOXICACION VENENOSA (veneno animal) (986.0),NO,986.0
666,Oftalmologia,IRIDECTOMIA y SUTURAS IRIS (12.1),SI,12.1
667,Cirugía Vascular,ISQUEMIA ARTERIAL PIERNAS (728.89),NO,728.89
668,Cirugía Vascular,ISQUEMIA ARTERIAL PIERNAS (728.89),SI,728.89
669,Neurocirugía,LAMINECTOMIA CERVICAL (03.09),SI,03.09
670,Neurocirugía,LAMINECTOMIAS DORSALES O LUMBARES (03.09),SI,03.09
671,Aparato Digestivo,LAPAROSCOPIA BIOPSIA (54.24),SI,54.24
672,Aparato Digestivo,LAPAROSCOPIA QUIRURGICA (54.21),SI,54.21
673,Cirugía,LAPAROSCOPIA QUIRURGICA (54.21),SI,54.21
674,Ginecologia y Obstetricia,LAPAROSCOPIA QUIRURGICA (54.21),SI,54.21
675,Cirugía,LAPAROTOMIA (54.19),SI,54.19
676,Otorrinolaringologia,LARINGITIS/EPIGLOTITIS (464.2),NO,464.2
677,Pediatria,LARINGITIS/EPIGLOTITIS (464.2),NO,464.2
678,Otorrinolaringologia,LARINGUECTOMIA CUALQUIER TIPO CON DISECCION RADICA (30.3),SI,30.3
679,Oftalmologia,"LASIK: miopia, hiperm, astigmatismo (367.1)",SI,367.1
680,Traumatologia,LATIGAZO CERVICAL (847.0),NO,847.0
681,Ginecologia y Obstetricia,LEGRADO (632),SI,632
682,Traumatologia,LESIONES COMPLEJAS CON LIGAMENTOS Y MENISCOS. CRUE (728),SI,728
683,Oncologia,LEUCEMIA LINFOIDE (204),NO,204
684,Oncologia,LEUCEMIA MIELOIDE (205),NO,205
685,Oncologia,LEUCOPENIA y/o NEUTROPENIA (288),NO,288
686,Ginecologia y Obstetricia,LIGADURA DE TROMPAS (66.21),SI,66.21
687,Cirugía,LINFADENECTOMIA (40),SI,40
688,Pediatria,LINFADENITIS MESENTERICA (683),NO,683
689,Medicina Interna,LINFANGITIS AGUDA (682),NO,682
690,Medicina Interna,LINFEDEMA (457.1),NO,457.1
691,Oncologia,LINFOMA HODGKIN (201),NO,201
692,Oncologia,LINFOMA LINFOCITICO (200.1),NO,200.1
693,Oncologia,LINFOMA NO HODGKIN (202),NO,202
694,Cirugía Plástica,LIPECTOMIA ABDOMINAL (86.83),SI,86.83
695,Cirugía Plástica,LIPOMAS. EXTIRPACION (UNO O VARIOS) (214),SI,214
696,Nefrologia,LITIASIS RENAL (592),NO,592
697,Nefrologia,LITIASIS RENAL (592),SI,592
698,Urologia,LITIASIS RENAL (592),NO,592
699,Nefrologia,LITOTRICIA (56),SI,56
700,Urologia,LITOTRICIA (56),SI,56
701,Traumatologia,LUMBALGIA-DORSALGIA (724.2),NO,724.2
702,Traumatologia,LUXACION ARTICULAR (831),SI,831
703,Traumatologia,LUXACION ARTICULAR no quirurgica (831),NO,831
704,Pediatria,LUXACION CONGENITA DE CADERA (754.3),NO,754.3
705,Traumatologia,LUXACIÓN DE CADERA (835.0),SI,835.0
706,Traumatologia,LUXACIÓN DE CODO (832.0),SI,832.0
707,Oftalmologia,LUXACION DE CRISTALINO (379.32),SI,379.32
708,Traumatologia,LUXACION DE HOMBRO (831.0),NO,831
709,Traumatologia,LUXACION DE HOMBRO (831.0),SI,831
710,Traumatologia,LUXACIÓN DE MUÑECA (833.0),SI,833.0
711,Traumatologia,LUXACIÓN DE PIE (838.0),SI,838.0
712,Traumatologia,LUXACIÓN DE RODILLA (836.0),SI,836.0
713,Traumatologia,LUXACIÓN DE TOBILLO (837.0),SI,837.0
714,Traumatologia,LUXACIÓN DEDO MANO (834.0),SI,834.0
715,Cirugía Maxilofacial,LUXACION MANDIBULAR (830.0),SI,830.0
716,Aparato Digestivo,MALABSORCION INTESTINAL (ENF. CELIACA...) (579),NO,579
717,Cirugía,MALFORMACIONES CONGENITAS (740-759),SI,740
718,Pediatria,MALFORMACIONES CONGENITAS (740-759),SI,740
719,Ginecologia y Obstetricia,MALFORMACIONES UTERINAS (621.0),SI,621.0
720,Ginecologia y Obstetricia,MALPOSICION O MALA PRESENTACIO FETAL (652),SI,652
721,Medicina Interna,MAREOS Y/O VERTIGO (386.9),NO,386.9
722,Medicina Interna,MASA ABDOMINAL  a estudio (789.3),NO,789.3
723,Cirugía,MASA ABDOMINAL  a estudio (789.3),SI,789.3
724,Neumologia,MASA MEDIASTINICA (519.2),NO,519.2
725,Neumologia,MASA MEDIASTINICA (786.6),NO,786.6
726,Neumologia,MASA PULMONAR (786.6),NO,786.6
727,Medicina Interna,MASA SUPERFICIAL  a estudio (782.2),NO,782.2
728,Cirugía,MASA SUPERFICIAL  a estudio (782.2),SI,782.2
729,Medicina Interna,MASA TORAX  a estudio (786.6),NO,786.6
730,Cirugía,MASA TORAX  a estudio (786.6),SI,786.6
731,Cirugía,MASTECTOMIA CON VACIAMIENTO AXILAR (85.4),SI,85.4
732,Cirugía,MASTECTOMIA SIMPLE (85.4),SI,85.4
733,Ginecologia y Obstetricia,MASTITIS (675.2),NO,675.2
734,Cirugía,MASTITIS SUPURADA. DESBRIDAMIENTO Y DRENAJE (85.0),SI,85.0
735,Otorrinolaringologia,MASTOIDITIS (383.9),NO,"383,9"
736,Pediatria,MASTOIDITIS (383.9),NO,"383,9"
737,Neumologia,MEDIASTINITIS (519.2),NO,519.2
738,Medicina Interna,MEDICIONES ANATOMICAS y FISIOLÓGICAS (89.3),NO,89.3
739,Cirugía,MEDICIONES ANATOMICAS y FISIOLÓGICAS (89.3),SI,89.3
740,Oncologia,MELANOMA (172),SI,172
741,Oncologia,MELANOMA (172),NO,172
742,Neurologia,MENINGISMO (781.6),NO,781.6
743,Pediatria,MENINGISMO (781.6),NO,781.6
744,Neurologia,MENINGITIS (322),NO,322
745,Pediatria,MENINGITIS (322),NO,322
746,Neurocirugía,MENINGOCELE y MIELOMENINGOCELE (03.51),SI,03.51
747,Traumatologia,MENISCECTOMIA. POR ARTROSCOPIA. CADA UNA (80.2),SI,80.2
748,Oncologia,METASTASIS (199),SI,199
749,Oncologia,METASTASIS (199),NO,199
750,Ginecologia y Obstetricia,METRORRAGIAS (626.6),NO,626.6
751,Otorrinolaringologia,"MICROCIRUGIA LARINGEA, PAPILOMA, POLIPOS, NODULOS, (30.22)",SI,30.22
752,Oncologia,MIELODISPLASIA (742.59),NO,742.59
753,Oncologia,MIELOMA MULTIPLE (203),NO,203
754,Neurologia,MIGRAÑA (346.1),NO,346.1
755,Cardiologia,MIOCARDITIS (429.0),NO,429.0
756,Ginecologia y Obstetricia,MIOMA(s) UTERINO(s) (654.1),NO,654.1
757,Ginecologia y Obstetricia,MIOMECTOMIA (68.29),SI,68.29
758,Neurologia,MIOPATIA (359),NO,359
759,Reumatologia,MIOSITIS (729.1),NO,729.1
760,Otorrinolaringologia,MIRINGOTOMIA SIMPLE (20.0),SI,20.0
761,Otorrinolaringologia,MIRINGOTOMIA Y COLOCACION DE TUBOS DE DRENAJE (20.0),SI,20.0
762,Ginecologia y Obstetricia,MOLA HIDATIFORME (630),NO,630
763,Ginecologia y Obstetricia,MOLA HIDATIFORME (630),SI,630
764,Neurologia,MONITORIZACION EEG - VIDEO (89.19),NO,89.19
765,Traumatologia,MONONEURITIS MIEMBRO INFERIOR (NEURINOMA DE MORTON) (355),SI,355
766,Neurocirugía,MONONEURITIS MIEMBRO SUPERIOR Y MONONEURITIS MULTIPLE (354),NO,354
767,Medicina Interna,MONONUCLEOSIS INFECCIOSA (75),NO,75
768,Pediatria,MONONUCLEOSIS INFECCIOSA (75),NO,75
769,Oncologia,MUCOSITIS x QMT (528.01),NO,528.01
770,Otros,MUERTE CAUSA DESCONOCIDA (798.2),NO,798.2
771,Ginecologia y Obstetricia,MUERTE FETAL INTRAUTERINA (779.9),SI,779.9
772,Pediatria,MUERTE SUBITA DEL LACTANTE (798.0),NO,798.0
773,Otros,MUERTE SÚBITA/VIOLENTA (798.1),NO,798.1
774,Traumatologia,NECROSIS OSEA ASEPTICA (733.4),NO,733.4
775,Traumatologia,NECROSIS OSEA ASEPTICA (733.4),SI,733.4
776,Urologia,"NEFRECTOMIA, NEFROLITOTOMIA (55.5)",SI,55.5
777,Nefrologia,NEFRITIS (583),NO,583
778,Urologia,NEFROTOMIA / NEFROSTOMIA (55),SI,55
779,Oncologia,NEOPLASIA  PERITONEAL (158),NO,158
780,Oncologia,NEOPLASIA  PERITONEAL (158),SI,158
781,Oncologia,NEOPLASIA (199.1),NO,199.1
782,Oncologia,NEOPLASIA (199.1),SI,199.1
783,Neurocirugía,NEOPLASIA BENIGNA CEREBRO (225.0),SI,225.0
784,Oncologia,NEOPLASIA DE BAZO (159.1),SI,159.1
785,Oncologia,"NEOPLASIA DE CAVUM (NASOFARINGE) (147,9)",NO,147.9
786,Oncologia,"NEOPLASIA DE CAVUM (NASOFARINGE) (147,9)",SI,147.9
787,Oncologia,NEOPLASIA DE CERVIX (180),NO,180
788,Oncologia,NEOPLASIA DE CERVIX (180),SI,180
789,Oncologia,NEOPLASIA DE COLON (153),NO,153
790,Oncologia,NEOPLASIA DE COLON (153),SI,153
791,Oncologia,NEOPLASIA DE CONDUCTO BILIAR (156.1),NO,156.1
792,Oncologia,NEOPLASIA DE CONDUCTO BILIAR (156.1),SI,156.1
793,Oncologia,NEOPLASIA DE CUELLO UTERINO (180),NO,180
794,Oncologia,NEOPLASIA DE CUELLO UTERINO (180),SI,180
795,Oncologia,NEOPLASIA DE ESOFAGO (150),NO,150
796,Oncologia,NEOPLASIA DE ESOFAGO (150),SI,150
797,Oncologia,NEOPLASIA DE ESTOMAGO (151),NO,151
798,Oncologia,NEOPLASIA DE ESTOMAGO (151),SI,151
799,Oncologia,"NEOPLASIA DE F. NASALES, OIDO MEDIO Y SENOS PARANASALES (160)",SI,160
800,Otorrinolaringologia,"NEOPLASIA DE F. NASALES, OIDO MEDIO Y SENOS PARANASALES (160)",SI,160
801,Oncologia,NEOPLASIA DE GLANDULA SALIVAL (142.9),SI,142.9
802,Oncologia,NEOPLASIA DE HIGADO PRIMARIA (155),NO,155
803,Oncologia,NEOPLASIA DE HIGADO PRIMARIA (155),SI,155
804,Oncologia,NEOPLASIA DE HUESOS y CARTILAGOS ARTICULARES (170),SI,170
805,Oncologia,NEOPLASIA DE INTESTINO DELGADO (152),NO,152
806,Oncologia,NEOPLASIA DE INTESTINO DELGADO (152),SI,152
807,Oncologia,NEOPLASIA DE LARINGE (161),NO,161
808,Oncologia,NEOPLASIA DE LARINGE (161),SI,161
809,Oncologia,"NEOPLASIA DE LENGUA (141,9)",NO,"141,9"
810,Oncologia,"NEOPLASIA DE LENGUA (141,9)",SI,"141,9"
811,Oncologia,NEOPLASIA DE MAMA (174),NO,174
812,Oncologia,NEOPLASIA DE MAMA (174),SI,174
813,Oncologia,"NEOPLASIA DE MEDULA ESPINAL (192,2)",NO,192.2
814,Neurocirugía,"NEOPLASIA DE MEDULA ESPINAL (192,2)",SI,192.2
815,Oncologia,NEOPLASIA DE NERVIOS CRANEALES (192),NO,192
816,Neurocirugía,NEOPLASIA DE NERVIOS CRANEALES (192),SI,192
817,Oncologia,NEOPLASIA DE ORIGEN DESCONOCIDO (199.1),NO,199.1
818,Oncologia,NEOPLASIA DE OVARIO (183),NO,183
819,Oncologia,NEOPLASIA DE OVARIO (183),SI,183
820,Oncologia,NEOPLASIA DE PANCREAS (157),NO,157
821,Oncologia,NEOPLASIA DE PANCREAS (157),SI,157
822,Oncologia,NEOPLASIA DE PERITONEO y RETROPERITONEO (158),NO,158
823,Oncologia,NEOPLASIA DE PERITONEO y RETROPERITONEO (158),SI,158
824,Oncologia,NEOPLASIA DE PLEURA (163),NO,163
825,Oncologia,NEOPLASIA DE PLEURA (163),SI,163
826,Oncologia,NEOPLASIA DE PROSTATA (185),NO,185
827,Oncologia,NEOPLASIA DE PROSTATA (185),SI,185
828,Oncologia,NEOPLASIA DE PULMON (162),NO,162
829,Oncologia,NEOPLASIA DE PULMON (162),SI,162
830,Oncologia,NEOPLASIA DE RECTO (154),NO,154
831,Oncologia,NEOPLASIA DE RECTO (154),SI,154
832,Oncologia,NEOPLASIA DE RIÑON (189),NO,189
833,Oncologia,NEOPLASIA DE RIÑON (189),SI,189
834,Oncologia,NEOPLASIA DE TEJIDO CONECTIVO (171),NO,171
835,Oncologia,NEOPLASIA DE TEJIDO CONECTIVO (171),SI,171
836,Oncologia,"NEOPLASIA DE TIMO, CORAZON, MEDIASTINO (164)",NO,164
837,Oncologia,"NEOPLASIA DE TIMO, CORAZON, MEDIASTINO (164)",SI,164
838,Oncologia,NEOPLASIA DE TIROIDES (193),NO,193
839,Oncologia,NEOPLASIA DE TIROIDES (193),SI,193
840,Oncologia,NEOPLASIA DE URETER (189.2),NO,189.2
841,Oncologia,NEOPLASIA DE URETER (189.2),SI,189.2
842,Oncologia,NEOPLASIA DE UTERO (179),NO,179
843,Oncologia,NEOPLASIA DE UTERO (179),SI,179
844,Oncologia,NEOPLASIA DE VEJIGA URINARIA (188),NO,188
845,Oncologia,NEOPLASIA DE VEJIGA URINARIA (188),SI,188
846,Oncologia,NEOPLASIA DE VESICULA BILIAR (156),NO,156
847,Oncologia,NEOPLASIA DE VESICULA BILIAR (156),SI,156
848,Neurocirugía,NEOPLASIA MALIGNA CEREBRO (191),SI,191
849,Oncologia,NEOPLASIA MALIGNA CEREBRO (191),NO,191
850,Dermatologia,NEOPLASIA MALIGNA DE PIEL (173),SI,173
851,Oncologia,NEOPLASIA MALIGNA DE PIEL (173),SI,173
852,Oncologia,NEOPLASIA MEDIASTINICA (164),NO,164
853,Oncologia,NEOPLASIA MEDIASTINICA (164),SI,164
854,Oncologia,NEOPLASIA SUPRARRENAL(194.0),NO,194.0
855,Oncologia,NEOPLASIA SUPRARRENAL(194.0),SI,194.0
856,Oncologia,NEOPLASIA TESTICULAR (186),NO,186
857,Oncologia,NEOPLASIA TESTICULAR (186),SI,186
858,Oncologia,NEOPLASIAS NEUROENDOCRINAS (237.3),NO,237.3
859,Oncologia,NEOPLASIAS NEUROENDOCRINAS (237.3),SI,237.3
860,Infecciosas,NEUMOCISTIS CARINII (136),NO,136
861,Cirugía,NEUMONECTOMIA (32),SI,32
862,Neumologia,NEUMONIA (486.0),NO,486.0
863,Pediatria,NEUMONIA (486.0),NO,486.0
864,Cirugía,NEUMOTORAX (512),SI,512
865,Neumologia,NEUMOTÓRAX ESPONTÁNEO (512.8),NO,512.8
866,Neumologia,NEUMOTÓRAX ESPONTÁNEO (512.8),SI,512.8
867,Neurologia,NEURALGIA (trigémino etc) (356),NO,356
868,Neurologia,NEURALGIA TRIGEMINO (350.1),NO,350.1
869,Neurologia,"NEURALGIA, NEURITIS y RADICULITIS (729.2)",NO,729.2
870,Neurologia,NEURECTOMIA (4.07),SI,4.07
871,Otorrinolaringologia,NEURECTOMIA (4.07),SI,4.07
872,Neurocirugía,NEURINOMA DEL ACUSTICO (225.1),SI,225.1
873,Neurocirugía,NEUROLISIS (04.4),SI,04.4
874,Traumatologia,NEUROLISIS (04.4),SI,04.4
875,Traumatologia,NEUROMA MORTON (355),SI,355
876,Dermatologia,NEVUS,NO,M8720/0
877,Otros,NO PATOLOGIA,NO,V65.5
878,Oncologia,NPS (518.89),NO,518.89
879,Oncologia,NPS (518.89),SI,518.89
880,Oncologia,NUTRICION PARENTERAL (99.15),NO,99.15
881,Endocrinologia,OBESIDAD (278),NO,278
882,Otorrinolaringologia,OBSTRUCCION TROMPA DE EUSTAQUIO (381.6),SI,381.6
883,Odontologia,ODONTALGIA (525.9),NO,525.9
884,Pediatria,ONCO-HEMATOLOGIA (279.9),NO,279.9
885,Neonatología,ONFALITIS (771.4),NO,771.4
886,Pediatria,ONFALITIS (771.4),NO,771.4
887,Urologia,OPERACION INCONTINENCIA URINARIA VIA ABDOMINAL (788),SI,788
888,Traumatologia,"OPERACION INESPECIFICADA DE LESION OSEA, TIBIA Y PERONE (79.96)",SI,79.96
889,Cirugía Maxilofacial,OPERACIONES DE ENCIA (24.3),SI,24.3
890,Cirugía,"OPERACIONES DE MUSCULO, TENDON Y FASCIA DE MANO (82)",SI,82
891,Traumatologia,"OPERACIONES DE MUSCULO/TENDON/ FASCIA/BOLSA SINOVIAL,EXCEPTO MANO (83)",SI,83
892,Ginecologia y Obstetricia,OPERACIONES DE OVARIO (65),SI,65
893,Cirugía,"OPERACIONES DE PARED TORACICA, PLEURA, MEDIASTINO Y DIAFRAGMA (34)",SI,34
894,Cirugía Vascular,OPERACIONES sobre ESTRUCTURAS LINFÁTICAS (40.9),SI,40.9
895,Otorrinolaringologia,"OPERACIONES sobre GLANDULAS o CONDUCTO SALIVAL (26,0)",SI,26.0
896,Traumatologia,"OPERACIONES sobre HUESOS, salvo faciales (78)",SI,78
897,Otorrinolaringologia,OPERACIONES sobre SENOS NASALES / PARANASALES (22),SI,22
898,Ginecologia y Obstetricia,OPERACIONES sobre TROMPAS DE FALOPIO (SALPINGUECTOMIA) (66),SI,66
899,Cirugía Vascular,OPERACIONES sobre VASOS CARDIACOS (C.E.C.) (36),SI,36
900,Urologia,ORQUIDOPEXIA (62.5),SI,62.5
901,Urologia,ORQUIECTOMIA (62.3),SI,62.3
902,Urologia,ORQUITIS/EPIDIDIMITIS (604.9),NO,604.9
903,Traumatologia,OSTEITIS (730.2),NO,730.2
904,Traumatologia,OSTEOARTROSIS (715.9),SI,715.9
905,Traumatologia,"OSTEOCONDROPATIA (739,2)",NO,739.2
906,Traumatologia,"OSTEOCONDROPATIA (739,2)",SI,739.2
907,Pediatria,OSTEOMIELITIS (730),NO,730
908,Traumatologia,OSTEOMIELITIS (730),NO,730
909,Traumatologia,OSTEOMIELITIS (730),SI,730
910,Traumatologia,OSTEOPATIA PUBIANA (77.29),SI,77.29
911,Cirugía Maxilofacial,OSTEOPLASTIA (78.4),SI,78.4
912,Reumatologia,OSTEOPOROSIS (733),NO,733
913,Otorrinolaringologia,OTITIS AGUDA (382.9),NO,382.9
914,Pediatria,OTITIS AGUDA (382.9),NO,382.9
915,Otorrinolaringologia,OTITIS EXTERNA (382.9),NO,382.9
916,Otorrinolaringologia,OTITIS MEDIA (382.9),NO,382.9
917,Otorrinolaringologia,OTOESCLEROSIS (387),SI,387
918,Neurocirugía,OTRAS .EXPLOR./DESCOMPR.CONDUCTO RAQUID;LAMINECTOMIA DESCOMPR (03.09),SI,03.09
919,Traumatologia,OTRAS FRACTURAS DE CRANEO (803.0),NO,803.0
920,Traumatologia,OTRAS FRACTURAS DE CRANEO (803.0),SI,803.0
921,Cirugía Vascular,OTRAS.DERIV./DESVIACIONES VASCULARES (PERIF.);AXILAR-BRAQUIAL (39.29),SI,39.29
922,Ginecologia y Obstetricia,OVARIOS POLIQUISTICOS; SINDROME DE STEIN-LEVENTHAL (256.4),SI,256.4
923,Infecciosas,PALUDISMO (malaria) (84),NO,84
924,Aparato Digestivo,PANCREATECTOMIA (52.5),SI,52.5
925,Aparato Digestivo,PANCREATITIS (577.0),SI,577.0
926,Aparato Digestivo,PANCREATITIS (577.0),NO,577.0
927,Aparato Digestivo,PANENDOSCOPIA DIGESTIVA (42.2),SI,42.2
928,Cirugía,"PAPILOMA ACUMINADO (78,11)",SI,"78,11"
929,Aparato Digestivo,PARACENTESIS (54.91),SI,54.91
930,Neurologia,PARALISIS FACIAL (351.0),NO,351.0
931,Infecciosas,PARASITOSIS INTESTINAL (127),NO,127
932,Cirugía,PARATIROIDECTOMIA (06.8),SI,06.8
933,Neurologia,PARKINSON (332),SI,332
934,Neurologia,PARKINSON (332),NO,332
935,Cardiologia,PARO CARDÍACO (427.5),NO,427.5
936,Neumologia,PARO RESPIRATORIO (799.1),NO,799.1
937,Cirugía Maxilofacial,PAROTIDECTOMIA (26.3),SI,26.3
938,Infecciosas,PAROTIDITIS (72),NO,72
939,Ginecologia y Obstetricia,PARTO VAG. con COMPLICACION (652),SI,652
940,Ginecologia y Obstetricia,PARTO VAGINAL (650),SI,650
941,Aparato Digestivo,"PATOLOGIA BUCAL:AFTAS, ESTOMATITIS etc (528)",NO,528
942,Neonatología,PATOLOGIA CARDIACA (779.81),NO,779.81
943,Neonatología,PATOLOGIA GASTROINTESTINAL (777),NO,777
944,Endocrinologia,PATOLOGíA GLANDULAS PARATIORIDEAS (252),NO,252
945,Neonatología,PATOLOGIA NEUROLOGICA (779),NO,779
946,Neonatología,PATOLOGIA RESPIRATORIA (769),NO,769
947,Ginecologia y Obstetricia,PENDIENTE CODIFICAR / DESCONOCIDO (999.99),NO,999.99
948,Medicina Interna,PENDIENTE CODIFICAR / DESCONOCIDO (999.99),NO,999.99
949,Neonatología,PENDIENTE CODIFICAR / DESCONOCIDO (999.99),NO,999.99
950,Pediatria,PENDIENTE CODIFICAR / DESCONOCIDO (999.99),NO,999.99
951,Cirugía Plástica,PEQUEÑOS TUMORES CUTANEOS (UNO O VARIOS) EXTIRPACI (214),SI,214
952,Neonatología,PÉRDIDA DE BIENESTAR FETAL (763.8),NO,763.8
953,Aparato Digestivo,PERFORACION INTESTINAL (569.83),NO,569.83
954,Aparato Digestivo,PERFORACION INTESTINAL (569.83),SI,569.83
955,Cirugía Vascular,PERICARDIECTOMÍA (37.3),SI,37.3
956,Cardiologia,PERICARDITIS AGUDA (420.9),NO,420.9
957,Aparato Digestivo,PERITONITIS (567.9),SI,567.9
958,Cirugía,PERITONITIS (567.9),SI,567.9
959,Oftalmologia,PERTUBACIONES VISUALES (368),NO,368
960,Aparato Digestivo,PH METRIA (89.32),NO,89.32
961,Traumatologia,"PIE EQUINO, PIE VARO, ADDUCTO (736.7)",SI,736.7
962,Traumatologia,PIE PLANO (754.61),SI,"754,61"
963,Pediatria,PIELONEFRITIS AGUDA (590.1),NO,590.1
964,Urologia,PIELONEFRITIS AGUDA (590.1),NO,590.1
965,Urologia,PIELOPLASTIA (55.87),SI,55.87
966,Aparato Digestivo,PILOROMIOTOMIA (43.3),SI,43.3
967,Ginecologia y Obstetricia,PLACENTA PREVIA (641),SI,641
968,Ginecologia y Obstetricia,PLACENTA PREVIA (641),NO,641
969,Medicina Interna,PLAQUETOPENIA y TRASTORNOS COAGULACION (287),NO,287
970,Traumatologia,"PLASTIAS LIGAMENTOSAS, CADA UNA (728)",SI,728
971,Aparato Digestivo,PLASTRON APENDICULAR (47),NO,47
972,Aparato Digestivo,PLASTRON APENDICULAR (47),SI,47
973,Aparato Digestivo,PLICATURA de intestino delgado. (IQ de NOBLE) (46.62),SI,46.62
974,Traumatologia,POLICONTUSIONES (924.8),NO,924.8
975,Traumatologia,POLIEROSIONES (919.8),NO,919.8
976,Traumatologia,POLIFRACTURADO - FRACTURA MULTIPLE (829),NO,829
977,Traumatologia,POLIFRACTURADO - FRACTURA MULTIPLE (829),SI,829
978,Reumatologia,POLIMIALGIA REUMATICA (725),NO,725
979,Neurologia,POLINEUROPATIA (356),NO,356
980,Aparato Digestivo,"POLIPECTOMIAS, EXTRACCION CUERPO EXT por ENDOSCOPI (45.42)",SI,45.42
981,Ginecologia y Obstetricia,"POLIPOS CERVICALES, ENDOMETRIALES O VULVARES. EXTI (621.0)",SI,621.0
982,Aparato Digestivo,POLIPOSIS COLONICA (211.3),NO,211.3
983,Aparato Digestivo,POLIPOSIS COLONICA (211.3),SI,211.3
984,Neurologia,POLISOMNOGRAFIA (89.17),NO,89.17
985,Neumologia,POLISOMNOGRAFIA (89.17),SI,89.17
986,Traumatologia,POLITRAUMATISMO (804.0),NO,804.0
987,Neonatología,PREMATURIDAD (765.1),NO,765.1
988,Aparato Digestivo,"PROC. DGTOS SOBRE PANCREAS (ECOENDOSCOPIA, BIOPSIA...) (52.1)",SI,52.1
989,Cirugía Vascular,"PROC. DGTOS. APARATO CARDIO-CIRCULATORIO (punción, biopsia,...) (38.21)",SI,38.21
990,Traumatologia,"PROC. DGTOS. APARATO LOCOMOTOR (punción, biopsia,...) (86.11)",SI,86.11
991,Ginecologia y Obstetricia,"PROC. DGTOS. APARATO REPRODUCTOR (punción, biopsia,...) (68.16)",SI,68.16
992,Neurologia,"PROC. DGTOS. Sobre MEDULA ESPINAL (biopsia, neuroestimulador...) (03,3)",NO,03.3
993,Neurologia,"PROC. DGTOS. Sobre MEDULA ESPINAL (biopsia, neuroestimulador...) (03,3)",SI,03.3
994,Aparato Digestivo,PROC. DGTOS. Sobre pared abdominal (54.22),NO,54.22
995,Aparato Digestivo,PROC. DGTOS. Sobre pared abdominal (54.22),SI,54.22
996,Cirugía,"PROC. DGTOS. Sobre pared torácica, pleura, mediastino, diafragma (34.2)",SI,34.2
997,Neumologia,"PROC. DGTOS. Sobre pared torácica, pleura, mediastino, diafragma (34.2)",SI,34.2
998,Medicina Interna,PROCESO VIAS RESPIRATORIAS ALTAS (465.9),NO,465.9
999,Pediatria,PROCESO VIAS RESPIRATORIAS ALTAS (465.9),NO,465.9
1000,Cirugía Plástica,PROCESOS HIPERTROFICOS y ATROFICOS de la PIEL (701),SI,701
1001,Ginecologia y Obstetricia,PRODROMO DE PARTO (PARTO/CESAREA PROLONGADA) (662),SI,662
1002,Cirugía Maxilofacial,"PROGNATISMO (524,10)",SI,524.10
1003,Cirugía,PROLAPSO RECTAL (569.1),SI,569.1
1004,Ginecologia y Obstetricia,PROLAPSO UTERINO (618.1),NO,618.1
1005,Ginecologia y Obstetricia,PROLAPSO UTERINO (618.1),SI,618.1
1006,Urologia,PROSTATECTOMIA RADICAL - AMPLIADA - (LINFADENECTOM (185),SI,185
1007,Urologia,PROSTATITIS (601),NO,601
1008,Cirugía,PROTESIS DE MAMA (85.53),SI,85.53
1009,Cardiologia,PRUEBA DE ESFUERZO (89.4),NO,89.4
1010,Medicina Interna,PRUEBA FUNCIONAL HORMONAL (estimulación) (790.2),NO,790.2
1011,Traumatologia,"PSEUDOARTROSIS (733,8)",SI,"733,8"
1012,Psiquiatria,PSICOSIS (296.9),NO,296.9
1013,Medicina Interna,PSORIASIS (696),NO,696
1014,Oftalmologia,PTOSIS PALPEBRAL (08.3),SI,08.3
1015,Cirugía,PUNCION BIOPSIA (86.11),SI,86.11
1016,Urologia,PUNCION BIOPSIA PROSTATA (60.11),SI,60.11
1017,Pediatria,PURPURA DE SCHOLEIN-HENOCH (287),NO,287
1018,Pediatria,PURPURA TROMBOPENICA IDIOPATICA (287),NO,287
1019,Traumatologia,QUEMADURAS (949.0),NO,949.0
1020,Cirugía Plástica,QUEMADURAS (949.0),SI,949.0
1021,Traumatologia,QUEMADURAS (949.0),SI,949.0
1022,Pediatria,QUEMADURAS (949.0),SI,949.0
1023,Medicina Interna,QUEMADURAS (949.0),NO,949.0
1024,Pediatria,QUEMADURAS (949.0),NO,949.0
1025,Medicina Interna,QUEMADURAS POR ELECTRICIDAD (940),NO,940
1026,Pediatria,QUEMADURAS POR ELECTRICIDAD (940),NO,940
1027,Oftalmologia,QUERATITIS (370.9),NO,370.9
1028,Oftalmologia,QUERATOPLASTIA (11.6),SI,11.6
1029,Oncologia,QUIMIOTERAPIA (99.25),NO,99.25
1030,Oncologia,QUIMIOTERAPIA (99.25),SI,99.25
1031,Urologia,QUISTE DE EPIDIDIMO (608.9),SI,608.9
1032,Ginecologia y Obstetricia,QUISTE DE OVARIO (620.2),NO,620.2
1033,Ginecologia y Obstetricia,QUISTE DE OVARIO (620.2),SI,620.2
1034,Cirugía Maxilofacial,QUISTE DENTAL (522.8),SI,522.8
1035,Aparato Digestivo,QUISTE HEPATICO (573.8),NO,573.8
1036,Aparato Digestivo,QUISTE HEPATICO (573.8),SI,573.8
1037,Pediatria,QUISTE OSEO (733.2),NO,733.2
1038,Traumatologia,QUISTE OSEO (733.2),SI,733.2
1039,Aparato Digestivo,QUISTE PANCREATICO (577.2),NO,577.2
1040,Aparato Digestivo,QUISTE PANCREATICO (577.2),SI,577.2
1041,Cirugía,QUISTE PILONIDAL (685),SI,685
1042,Urologia,QUISTE RENAL (753.1),SI,753.1
1043,Cirugía,QUISTE TIROGLOSO (759.2),SI,759.2
1044,Cirugía,QUISTE TIROIDES (246.2),SI,246.2
1045,Ginecologia y Obstetricia,QUISTE UTERINO (620.8),SI,620.8
1046,Medicina Interna,RABDOMIOLISIS (728.88),NO,728.88
1047,Med.Nuclear y Radiología,RADIOCIRUGIA ESTEREOTAXICA (92.30),NO,92.30
1048,Pediatria,RADIOLOGIA CON SEDACION (88.3),NO,88.3
1049,Med.Nuclear y Radiología,RADIOTERAPIA (V58.0),NO,V58.0
1050,Med.Nuclear y Radiología,RADIOTERAPIA (V58.0),SI,V58.0
1051,Medicina Interna,REACCION ALERGICA (708.0),NO,708.0
1052,Pediatria,REACCION ALERGICA (708.0),NO,708.0
1053,Traumatologia,REALINEACION DE APARATO EXTENSOR EN RODILLA (MAQUE (836.0),SI,836.0
1054,Cirugía,RECAMBIO REDON (54.19),SI,54.19
1055,Traumatologia,RECONSTRUCCION LIGAMENTOS CRUZADOS DE RODILLA (TRA (81.45),SI,81.45
1056,Cirugía,RECONSTRUCCION MAMARIA POSTMASTECTOMIA (COLGAJOS M (85.7),SI,85.7
1057,Aparato Digestivo,RECTO-SIGMOIDOSCOPIA (45.23),SI,45.23
1058,Cirugía Maxilofacial,REDUCCION DE FRACTURA FACIAL (76.7),SI,76.7
1059,Urologia,REFLUJO VÉSICO-URETERAL (593.7),NO,593.7
1060,Urologia,REFLUJO VÉSICO-URETERAL (593.7),SI,593.7
1061,Aparato Digestivo,REPARACION BILATERAL DE HERNIA INGUINAL (53.1),SI,53.1
1062,Aparato Digestivo,"REPARACION DE HERNIA DIAFRAGMATICA, ABORDAJE TORACICO (53.8)",SI,53.8
1063,Ginecologia y Obstetricia,REPARACION DE VULVA Y PERINE (71.7),SI,71.7
1064,Aparato Digestivo,REPARACION UNILATERAL DE HERNIA CRURAL (53.2),SI,53.2
1065,Aparato Digestivo,REPARACION UNILATERAL DE HERNIA INGUINAL (53.0),SI,53.0
1066,Traumatologia,RESCATE PROTESIS (81.51),SI,81.51
1067,Aparato Digestivo,RESECCION INTESTINAL (45),SI,45
1068,Otorrinolaringologia,RESECCION SUBMUCOSA DE TABIQUE. SEPTOPLASTIA NASAL (21.84),SI,21.84
1069,Urologia,RESECCION TRANSURETRAL DE PROSTATA (600),SI,600
1070,Urologia,RESECCION TRANSURETRAL DE TUMORES VESICALES (188),SI,188
1071,Urologia,RETENCIÓN AGUDA ORINA (788.20),NO,788.20
1072,Urologia,RETIRADA o COLOCACION SONDAS y/o CATETERES UROLOGI (57.94),SI,57.94
1073,Otorrinolaringologia,RETIRADA TUBOS DRENAJE (19.5),SI,19.5
1074,Cirugía Vascular,REVISION MARCAPASOS (89.45),SI,89.45
1075,Cirugía Vascular,REVISION O RECOLOCACION DE RECEPTACULO DE MARCAPASOS (37.79),SI,37.79
1076,Otorrinolaringologia,RINOPLASTIA - SEPTOPLASTIA (21.84),SI,21.84
1077,Traumatologia,RIZARTROSIS (715.94),SI,715.94
1078,Neurocirugía,RIZOTOMIA POSTERIOR. MIELOTOMIA (03.1),SI,03.1
1079,Med.Nuclear y Radiología,RM / TAC con sedación (88.3),NO,88.3
1080,Infecciosas,RUBEOLA (56),NO,56
1081,Traumatologia,RUPTURA MANGUITO MUSCULOTENDINOSO DEL HOMBRO. REPARACION (840.4),SI,840.4
1082,Traumatologia,RUPTURA MUSCULAR (726),SI,726
1083,Ginecologia y Obstetricia,RUPTURA PREMATURA DE MEMBRANAS (658.1),SI,658.1
1084,Traumatologia,RUPTURA TENDINOSA (Aquiles etc) (726),SI,726
1085,Infecciosas,SALMONELOSIS (003),NO,003
1086,Ginecologia y Obstetricia,SALPINGO-OOFORECTOMIA BILATERAL (Anexectomia) (65.6),SI,65.6
1087,Ginecologia y Obstetricia,SALPINGO-OOFORECTOMIA UNILATERAL (Anexectomia) (65.4),SI,65.4
1088,Medicina Interna,SANGRIA (99.73),NO,99.73
1089,Infecciosas,SARAMPION (55),NO,55
1090,Oncologia,SARCOMA DE KAPOSI (176),SI,176
1091,Oncologia,SARCOMA DE KAPOSI (176),NO,176
1092,Neurologia,SD CONFUSIONAL (293.0),NO,293.0
1093,Ginecologia y Obstetricia,SD. DISFUNCION OVARICA (HIPERESTIMULACION...) (256),NO,256
1094,Medicina Interna,SEPTICEMIA (38),NO,38
1095,Pediatria,SEPTICEMIA (38),NO,38
1096,Alergología,SHOCK ANAFILÁCTICO (995.0),NO,995.0
1097,Cardiologia,SHOCK CARDIOGÉNICO (785.51),NO,785.51
1098,Cirugía,SHOCK HEMORRAGICO (785.59),SI,785.59
1099,Neonatología,SHOCK HIPOVOLÉMICO / SÉPTICO (785.59),NO,785.59
1100,Traumatologia,SHOCK HIPOVOLÉMICO / SÉPTICO (785.59),NO,785.59
1101,Traumatologia,SHOCK HIPOVOLÉMICO / SÉPTICO (785.59),SI,785.59
1102,Medicina Interna,"SHOCK POSTOPERAT;COLAPSO NOS, SHOCK (ENDOTOX.)(HIPOVOL.)(SEPTICO) (998.0)",NO,998.0
1103,Traumatologia,SHOCK TRAUMÁTICO (958.4),NO,958.4
1104,Traumatologia,SHOCK TRAUMÁTICO (958.4),SI,958.4
1105,Otorrinolaringologia,"SIALOADENITIS (527,2)",NO,"527,2"
1106,Infecciosas,SIDA (42),NO,42
1107,Cirugía,SIMPATECTOMIA (05.2),SI,05.2
1108,Cardiologia,SINCOPE (780.2),NO,780.2
1109,Medicina Interna,SINCOPE (780.2),NO,780.2
1110,Medicina General,SINDROME ABSTINENCIA ( alcohol ) (291.81),NO,291.81
1111,Medicina General,SINDROME ABSTINENCIA ( drogas ) (292.0),NO,292.0
1112,Traumatologia,SINDROME COMPARTIMENTAL (958.90),NO,958.90
1113,Traumatologia,SINDROME COMPARTIMENTAL (958.90),SI,958.90
1114,Medicina Interna,SINDROME CONSTITUCIONAL (783.2),NO,783.2
1115,Cardiologia,SINDROME CORONARIO AGUDO (411.1),NO,411.1
1116,Endocrinologia,SINDROME DE CUSHING (255.0),NO,255.0
1117,Otorrinolaringologia,SINDROME DE MENIERE (NEURECTOMIA VESTIBULAR) (386.0),SI,386.0
1118,Psiquiatria,SINDROME DEPRESIVO (296.2),NO,296.2
1119,Medicina Interna,SINDROME METABOLICO (277.7),NO,277.7
1120,Oncologia,SINDROME MIELODISPLASICO (238),NO,238
1121,Pediatria,SINDROME NEFROTICO (581),NO,581
1122,Urologia,SINDROME NEFROTICO (581),NO,581
1123,Traumatologia,SINDROME TUNEL CARPIANO (354.0),SI,354.0
1124,Otorrinolaringologia,SINDROME VERTIGINOSO (386.9),NO,386.9
1125,Neurocirugía,SINDROMES COMPRESIVOS NERVIOS PERIFERICOS. TRATAMI (354),SI,354
1126,Traumatologia,SINOVECTOMIA (80.7),SI,80.7
1127,Pediatria,SINOVITIS TRANSITORIA DE LA CADERA (727),NO,727
1128,Pediatria,SINUSITIS (461.0),NO,461.0
1129,Neumologia,SINUSITIS (461.0),NO,461.0
1130,Otorrinolaringologia,SINUSITIS AGUDA (461.9),NO,461.9
1131,Otorrinolaringologia,SINUSITIS CRONICA (473.9),SI,473.9
1132,Otorrinolaringologia,SINUSITIS CRONICA (473.9),SI,473
1133,Cirugía Maxilofacial,"SINUSITIS MAXILAR O MAXILO -ETMOIDAL UNILATERAL, F (22)",SI,22
1134,Otros,SOCIOPATIA,NO,V60.8
1135,Aparato Digestivo,SONDAJE CON SONDAS BALONADAS TIPO SENGSTAKEN (42.92),SI,42.92
1136,Oftalmologia,SONDAJE VIAS LAGRIMALES (09.81),SI,09.81
1137,Cardiologia,SPECT (89.59),NO,89.59
1138,Traumatologia,SUTURA NERVIO PERIFERICO (04.3),SI,04.3
1139,Otorrinolaringologia,TAPONAMIENTO NASAL (784.7),SI,784.7
1140,Cardiologia,TAQUICARDIA (785.0),NO,785.0
1141,Cardiologia,TAQUICARDIA VENTRICULAR (427.1),NO,427.1
1142,Traumatologia,TENOPLASTIA (83.88),SI,"83,88"
1143,Medicina Interna,TEST DE PROVOCACIÓN CONTROLADA (MEDICAMENTOS) (909.5),NO,909.5
1144,Pediatria,TEST DE PROVOCACIÓN CONTROLADA (MEDICAMENTOS) (909.5),NO,909.5
1145,Neumologia,TEST REACTIVIDAD BRONQUIAL (33.2),NO,33.2
1146,Otorrinolaringologia,TIMPANOPLASTIA (19.4),SI,19.4
1147,Otorrinolaringologia,TIMPANOPLASTIA RETROAURICULAR (19.5),SI,19.5
1148,Cirugía,TIROIDECTOMIA PARCIAL o SUBTOTAL (06.39),SI,06.39
1149,Cirugía,TIROIDECTOMIA TOTAL CON DISECCION RADICAL CUELLO (06.4),SI,06.4
1150,Psiquiatria,TOC (300.3),NO,300.3
1151,Cirugía,TORACOSCOPIA Y CALCAJE PLEURAL (34),SI,34
1152,Cirugía,TORACOTOMIA (34.02),SI,34.02
1153,Neumologia,TORACOTOMIA (34.02),SI,34.02
1154,Pediatria,TORSION TESTICULAR (608.2),NO,608.2
1155,Urologia,TORSION TESTICULAR (608.2),SI,608.2
1156,Infecciosas,TOSFERINA (33),NO,33
1157,Infecciosas,TOXOPLASMOSIS (130),NO,130
1158,Cardiologia,TPSV ( Taquicardia Paroxística SupraVentricular ) (427.0),NO,427.0
1159,Neurologia,TRANS. CONDUCTA ( agitación ) (312.9),NO,312.9
1160,Oncologia,TRANSFUSION (V58.2),NO,V58.2
1161,Medicina Interna,TRANSFUSION O TRATAMIENTO HIERRO (99.0),NO,99.0
1162,Neurologia,TRANSITOR,SI,431
1163,Psiquiatria,TRANSTORNO BIPOLAR (296.4),NO,296.4
1164,Neumologia,TRAQUEITIS/LARINGITIS (464.2),NO,464.2
1165,Psiquiatria,"TRASTORNO ALIMENTACION: anorexia nerviosa, bulimia (307.1)",NO,307.1
1166,Endocrinologia,TRASTORNO DE LA FUNCION SUPRARENAL (255),NO,255
1167,Neurologia,TRASTORNO de la MARCHA (781.2),NO,781.2
1168,Medicina Interna,TRASTORNO EQ. AC/BASE / ELECTROLITICO / OSMOTICO (276),NO,276
1169,Psiquiatria,TRASTORNO PARANOIDE (295),NO,295
1170,Psiquiatria,TRASTORNO PSIQUIATRICO (999),NO,999
1171,Otorrinolaringologia,"TRASTORNOS AUDICION (hipoacusia, hiperacusia...) (389.9)",NO,389.9
1172,Cirugía,TRASTORNOS de la GLÁNDULA PARATIROIDEA (252),SI,252
1173,Neurocirugía,"TRASTORNOS DE MUSCULO, LIGAMENTO Y FASCIA (728)",SI,728
1174,Psiquiatria,TRASTORNOS DE PERSONALIDAD (301),NO,301
1175,Neurocirugía,TRASTORNOS DISCO INTERVERTEBRAL (722),NO,722
1176,Neurocirugía,TRASTORNOS DISCO INTERVERTEBRAL (722),SI,722
1177,Psiquiatria,"TRASTORNOS DISOCIATIVOS, DE CONVERSION y FICTICIOS (300.1)",NO,300.1
1178,Neonatología,TRASTORNOS ENDOCRINOS Y METABOLICOS ESPECIFICOS DE FETO Y RECIEN NACIDO (775),NO,775
1179,Neonatología,TRASTORNOS HEMATOLOGICOS (776),NO,776
1180,Psiquiatria,TRASTORNOS SOMATOMORFOS (300.8),NO,300.8
1181,Traumatologia,TRAUMATISMO ABDOMINAL (922.2),NO,922.2
1182,Traumatologia,TRAUMATISMO ABDOMINAL (922.2),SI,922.2
1183,Traumatologia,TRAUMATISMO CRANEOENCEFÁLICO (850.5),NO,850.5
1184,Traumatologia,TRAUMATISMO TORÁCICO (922.1),NO,922.1
1185,Traumatologia,TRAUMATISMO TORÁCICO (922.1),SI,922.1
1186,Traumatologia,TRAUMATISMO TORACOABDOMINAL (922.2),NO,922.2
1187,Pediatria,TRAUMATISMO/CONTUSION (924.9),NO,924.9
1188,Pediatria,TROMBOCITOPENIA PRIMARIA (PTI...) (287.3),NO,287.3
1189,Cirugía Vascular,TROMBOSIS ARTERIAS PERIFERICAS (444.22),NO,444.22
1190,Cirugía Vascular,TROMBOSIS ARTERIAS PERIFERICAS (444.22),SI,444.22
1191,Medicina Interna,TROMBOSIS VENOSA (451.9),NO,451.9
1192,Cirugía Vascular,TROMBOSIS VENOSA PROFUNDA (453.40),NO,453.8
1193,Cirugía Vascular,TROMBOSIS VENOSA PROFUNDA (453.40),SI,453.8
1194,Neurocirugía,TTO ANEURISMAS CEREBRALES (442.81),SI,442.81
1195,Infecciosas,TUBERCULOSIS (11),NO,11
1196,Neumologia,TUBERCULOSIS (11),NO,11
1197,Neurocirugía,TUMOR,SI,M8000/1
1198,Cirugía Vascular,TUMOR CARDIACO (mixoma etc) (212.6),SI,212.6
1199,Neurologia,TUMOR CEREBRAL o CEREBELOSO (191),SI,191
1200,Neurologia,TUMOR CEREBRAL o CEREBELOSO (191),NO,191
1201,Neurocirugía,TUMOR DE CEREBELO o TRONCO CEREBRAL (191),SI,191
1202,Neurocirugía,TUMOR DE HIPOFISIS (225.0),SI,225.0
1203,Cirugía,"TUMOR DE MAMA, CUADRANTECTOMIA (85.22)",SI,85.22
1204,Cirugía Maxilofacial,TUMOR LINGUAL. HEMIGLOSECTOMIA O GLOSECTOMIA TOTAL (25.3),SI,25.3
1205,Cirugía Maxilofacial,TUMOR MANDIBULAR / SUBMANDIBULAR (76.31),SI,76.31
1206,Oftalmologia,TUMOR NERVIO OPTICO (950),SI,950
1207,Oftalmologia,TUMOR ORBITARIO (16),SI,16
1208,Traumatologia,TUMOR OSEO extirpacion (M91800),SI,M91800
1209,Cirugía,TUMOR RETROPERITONEAL (59.00),SI,59.00
1210,Cirugía,"TUMOR SUPERFICIAL, ANGIOMAS CUTANEOS PEQUEÑOS, TTO (782.2)",SI,782.2
1211,Neurocirugía,TUMORES CEREBRALES GLIOMAS O METASTASIS DE HEMISFE (191),SI,191
1212,Cirugía Plástica,TUMORES SUPERFICIALES PEQUEÑOS EN LA CARA Y CUELLO (784.2),SI,784.2
1213,Oftalmologia,ULCERA CORNEAL (370.0),NO,370.0
1214,Oftalmologia,ULCERA CORNEAL. CAUTERIZACION Y LEGRADO (370.9),SI,370.9
1215,Medicina Interna,ULCERA CUTANEA (tto. no quirúrgico) (707.0),NO,707.0
1216,Cirugía,ULCERA CUTANEA (tto. quirúrgico) (707.0),SI,707.0
1217,Medicina General,ULCERA DECUBITO (707.0),SI,707.0
1218,Medicina Interna,ULCERA DIABETICA (250.8),NO,250.8
1219,Cirugía Vascular,ULCERA VARICOSA (454.0),NO,454.0
1220,Aparato Digestivo,ULCUS GÁSTRICO Y/O DUODENAL (NO iq) (532.9),NO,532.9
1221,Aparato Digestivo,ULCUS PEPTICO (532.9),SI,532.9
1222,Cirugía,URETEROCELE ADQUIRIDO (593.89),SI,593.89
1223,Cirugía,URETEROCELE CONGENITO (753.23),SI,753.23
1224,Urologia,URETEROCISTOSTOMIA (56.74),SI,56.74
1225,Urologia,URETEROSCOPIA (56.31),SI,56.31
1226,Urologia,URETEROSTOMIA (56.61),SI,56.61
1227,Urologia,URETROPLASTIA y ESTENOSIS URETRAL (58),SI,58
1228,Urologia,UROGRAFIA (87.7),NO,87.7
1229,Alergología,URTICARIA / REACCIÓN ALÉRGICA (708.0),NO,708.0
1230,Otorrinolaringologia,UVULOPALATOFARINGOPLASTIA (27.6),SI,27.6
1231,Cirugía,VACIAMIENTO AXILAR (40.51),SI,40.51
1232,Ginecologia y Obstetricia,VAGINITIS / VULVOVAGINITIS (616.10),NO,616.10
1233,Cardiologia,VALVULOPATIA (421),SI,421
1234,Cardiologia,VALVULOPATIA (421),NO,421
1235,Infecciosas,VARICELA (052.9),NO,052.9
1236,Pediatria,VARICELA (052.9),NO,052.9
1237,Aparato Digestivo,VARICES ESOFAGICAS CON HEMORRAGIA (456.0),NO,456.0
1238,Cirugía Vascular,VARICES RECIDIVA (38.39),SI,38.39
1239,Cirugía Vascular,"VARICES, LIGADURA SAFENA (38.39)",SI,38.39
1240,Cirugía Vascular,"VARICES, SAFENECTOMIA, FLEBOEXTRACCION COMPLETA (38.39)",SI,38.39
1241,Aparato Digestivo,"VARICES: 'ENDOSCOPIA TERAPEUTICA, ESCLEROSIS, ELEC (456.0)",SI,456.0
1242,Urologia,VARICOCELE (456.4),SI,456.4
1243,Medicina Interna,VASCULITIS (447.6),NO,447.6
1244,Urologia,VASECTOMIA (63.7),SI,63.7
1245,Ginecologia y Obstetricia,VERRUGAS VIRALES INESPECIFICAS (CONDILOMAS...) (078.10),SI,078.10
1246,Cirugía,VERRUGAS VIRALES INESPECIFICAS (CONDILOMAS...) (078.10),SI,078.10
1247,Oftalmologia,VITRECTOMIA (14.74),SI,14.74
1248,Aparato Digestivo,VOLVULO (560.2),NO,560.2
1249,Aparato Digestivo,VOLVULO (560.2),SI,560.2
1250,Aparato Digestivo,VÓMITOS Y/O DIARREA - GASTROENTERITIS AGUDA (009.1),NO,009.1
1251,Pediatria,VÓMITOS Y/O DIARREA - GASTROENTERITIS AGUDA (009.1),NO,009.1
